{
    "metrics": {
        "vus_max": {
            "value": 800,
            "min": 800,
            "max": 800
        },
        "http_req_duration{expected_response:true}": {
            "max": 17106.6771,
            "p(90)": 14230.76379,
            "p(95)": 15097.475489999999,
            "avg": 8085.9365397500005,
            "min": 590.02,
            "med": 7832.45695
        },
        "http_req_connecting": {
            "min": 41.0009,
            "med": 64.7813,
            "max": 90.7861,
            "p(90)": 85.77861,
            "p(95)": 86.7773,
            "avg": 69.45508325000006
        },
        "iterations": {
            "count": 800,
            "rate": 43.58175023578952
        },
        "http_req_duration": {
            "max": 17106.6771,
            "p(90)": 14230.76379,
            "p(95)": 15097.475489999999,
            "avg": 8085.9365397500005,
            "min": 590.02,
            "med": 7832.45695
        },
        "http_req_receiving": {
            "p(90)": 81.72695,
            "p(95)": 97.88179999999997,
            "avg": 51.810571500000016,
            "min": 10.2,
            "med": 46.9287,
            "max": 324.3736
        },
        "http_req_blocked": {
            "p(95)": 196.6779,
            "avg": 146.27576674999992,
            "min": 60.0009,
            "med": 141.73624999999998,
            "max": 229.1749,
            "p(90)": 189.67381
        },
        "data_sent": {
            "count": 741600,
            "rate": 40400.28246857689
        },
        "data_received": {
            "count": 409691200,
            "rate": 22318824.440251116
        },
        "http_req_tls_handshaking": {
            "med": 62.5045,
            "max": 147.8979,
            "p(90)": 129.8915,
            "p(95)": 138.94852999999995,
            "avg": 76.28723674999996,
            "min": 16.9991
        },
        "http_req_sending": {
            "avg": 0.7258950000000006,
            "min": 0,
            "med": 0,
            "max": 4.0034,
            "p(90)": 2.0018,
            "p(95)": 2.999
        },
        "checks": {
            "passes": 800,
            "fails": 8800,
            "value": 0.08333333333333333
        },
        "vus": {
            "value": 3,
            "min": 3,
            "max": 800
        },
        "iteration_duration": {
            "p(90)": 15406.36487,
            "p(95)": 16295.533679999997,
            "avg": 9233.222419625,
            "min": 1727.8036,
            "med": 9001.0953,
            "max": 18288.2639
        },
        "http_req_failed": {
            "passes": 0,
            "fails": 800,
            "value": 0
        },
        "http_reqs": {
            "count": 800,
            "rate": 43.58175023578952
        },
        "http_req_waiting": {
            "med": 7786.262849999999,
            "max": 17093.9328,
            "p(90)": 14218.733760000001,
            "p(95)": 15052.949799999999,
            "avg": 8033.4000732500035,
            "min": 494.1823
        }
    },
    "root_group": {
        "groups": {},
        "checks": {
                "200 OK": {
                    "name": "200 OK",
                    "path": "::200 OK",
                    "id": "e9654c443eff553da9e69eda7007924e",
                    "passes": 800,
                    "fails": 0
                },
                "201 Created": {
                    "name": "201 Created",
                    "path": "::201 Created",
                    "id": "728dcd977aae263ca314731145e1d447",
                    "passes": 0,
                    "fails": 800
                },
                "204 No Content": {
                    "path": "::204 No Content",
                    "id": "54fa3c2eda34e1622fda2da5e0479fc5",
                    "passes": 0,
                    "fails": 800,
                    "name": "204 No Content"
                },
                "400 Bad Request": {
                    "passes": 0,
                    "fails": 800,
                    "name": "400 Bad Request",
                    "path": "::400 Bad Request",
                    "id": "eeae81934b9b58bccaf0184a6d070338"
                },
                "401 Unauthorized": {
                    "id": "6ae9254e6aefe7f0bafe5102fa7e20a5",
                    "passes": 0,
                    "fails": 800,
                    "name": "401 Unauthorized",
                    "path": "::401 Unauthorized"
                },
                "403 Forbidden": {
                    "name": "403 Forbidden",
                    "path": "::403 Forbidden",
                    "id": "655548b761742c5a7ad15aa7df3a5d9c",
                    "passes": 0,
                    "fails": 800
                },
                "404 Not Found": {
                    "name": "404 Not Found",
                    "path": "::404 Not Found",
                    "id": "df1528f9925ca236bac51008f77b774a",
                    "passes": 0,
                    "fails": 800
                },
                "429 Too Many Requests": {
                    "path": "::429 Too Many Requests",
                    "id": "b810c35b9499cc7342fd415032e3a6aa",
                    "passes": 0,
                    "fails": 800,
                    "name": "429 Too Many Requests"
                },
                "500 Internal Server Error": {
                    "id": "3cd96245b24e869810efe46d533b0eef",
                    "passes": 0,
                    "fails": 800,
                    "name": "500 Internal Server Error",
                    "path": "::500 Internal Server Error"
                },
                "502 Bad Gateway": {
                    "passes": 0,
                    "fails": 800,
                    "name": "502 Bad Gateway",
                    "path": "::502 Bad Gateway",
                    "id": "712cb0ec189a11f31f0d6d0c0031b569"
                },
                "503 Service Unavailable": {
                    "fails": 800,
                    "name": "503 Service Unavailable",
                    "path": "::503 Service Unavailable",
                    "id": "f1ea1a22be0dc738c385523a66ea1cd9",
                    "passes": 0
                },
                "504 Gateway Timeout": {
                    "fails": 800,
                    "name": "504 Gateway Timeout",
                    "path": "::504 Gateway Timeout",
                    "id": "218efb729cb654723ccd57c6ebbebe29",
                    "passes": 0
                }
            },
        "name": "",
        "path": "",
        "id": "d41d8cd98f00b204e9800998ecf8427e"
    }
}