{
    "metrics": {
        "http_reqs": {
            "count": 1300,
            "rate": 76.95229602861632
        },
        "http_req_waiting": {
            "p(95)": 14605.426599999993,
            "avg": 6072.837624769235,
            "min": 11.9984,
            "med": 5723.0848000000005,
            "max": 15589.1532,
            "p(90)": 11406.129980000002
        },
        "http_req_sending": {
            "min": 0,
            "med": 1.0007,
            "max": 35.7971,
            "p(90)": 3.4191100000000008,
            "p(95)": 4.910439999999999,
            "avg": 1.679519307692309
        },
        "http_req_tls_handshaking": {
            "avg": 129.20556576923093,
            "min": 5.0018,
            "med": 99.67255,
            "max": 318.2817,
            "p(90)": 270.24538,
            "p(95)": 290.7907
        },
        "http_req_blocked": {
            "p(90)": 351.1277500000001,
            "p(95)": 362.102125,
            "avg": 203.79579538461533,
            "min": 8.004,
            "med": 179.93795,
            "max": 424.7726
        },
        "http_req_receiving": {
            "p(90)": 0.3409100000000006,
            "p(95)": 0.91198,
            "avg": 0.11885361538461536,
            "min": 0,
            "med": 0,
            "max": 9.0035
        },
        "iterations": {
            "rate": 76.95229602861632,
            "count": 1300
        },
        "http_req_duration": {
            "avg": 6074.635997692309,
            "min": 12.9955,
            "med": 5724.3176,
            "max": 15592.0035,
            "p(90)": 11406.215300000002,
            "p(95)": 14606.456174999994
        },
        "data_sent": {
            "count": 1242508,
            "rate": 73549.11033378768
        },
        "vus_max": {
            "value": 1300,
            "min": 517,
            "max": 1300
        },
        "http_req_duration{expected_response:true}": {
            "avg": 6276.664453736091,
            "min": 282.6591,
            "med": 5915.374449999999,
            "max": 15592.0035,
            "p(90)": 11499.84115,
            "p(95)": 14749.177015
        },
        "iteration_duration": {
            "min": 1386.5958,
            "med": 6927.1096,
            "max": 16833.3211,
            "p(90)": 12614.384030000003,
            "p(95)": 15860.626439999998,
            "avg": 7279.359479230776
        },
        "checks": {
            "passes": 1300,
            "fails": 14300,
            "value": 0.08333333333333333
        },
        "http_req_failed": {
            "fails": 1258,
            "passes": 42,
            "value": 0.03230769230769231
        },
        "data_received": {
            "count": 19674902,
            "rate": 1164637.6023369348
        },
        "http_req_connecting": {
            "p(90)": 129.9356,
            "p(95)": 135.93813500000002,
            "avg": 73.16343015384628,
            "min": 3.0003,
            "med": 65.0719,
            "max": 169.1027
        },
        "vus": {
            "min": 0,
            "max": 1300,
            "value": 61
        }
    },
    "root_group": {
        "name": "",
        "path": "",
        "id": "d41d8cd98f00b204e9800998ecf8427e",
        "groups": {},
        "checks": {
                "200 OK": {
                    "fails": 42,
                    "name": "200 OK",
                    "path": "::200 OK",
                    "id": "e9654c443eff553da9e69eda7007924e",
                    "passes": 1258
                },
                "201 Created": {
                    "name": "201 Created",
                    "path": "::201 Created",
                    "id": "728dcd977aae263ca314731145e1d447",
                    "passes": 0,
                    "fails": 1300
                },
                "204 No Content": {
                    "name": "204 No Content",
                    "path": "::204 No Content",
                    "id": "54fa3c2eda34e1622fda2da5e0479fc5",
                    "passes": 0,
                    "fails": 1300
                },
                "400 Bad Request": {
                    "name": "400 Bad Request",
                    "path": "::400 Bad Request",
                    "id": "eeae81934b9b58bccaf0184a6d070338",
                    "passes": 0,
                    "fails": 1300
                },
                "401 Unauthorized": {
                    "name": "401 Unauthorized",
                    "path": "::401 Unauthorized",
                    "id": "6ae9254e6aefe7f0bafe5102fa7e20a5",
                    "passes": 0,
                    "fails": 1300
                },
                "403 Forbidden": {
                    "name": "403 Forbidden",
                    "path": "::403 Forbidden",
                    "id": "655548b761742c5a7ad15aa7df3a5d9c",
                    "passes": 0,
                    "fails": 1300
                },
                "404 Not Found": {
                    "fails": 1300,
                    "name": "404 Not Found",
                    "path": "::404 Not Found",
                    "id": "df1528f9925ca236bac51008f77b774a",
                    "passes": 0
                },
                "429 Too Many Requests": {
                    "fails": 1300,
                    "name": "429 Too Many Requests",
                    "path": "::429 Too Many Requests",
                    "id": "b810c35b9499cc7342fd415032e3a6aa",
                    "passes": 0
                },
                "500 Internal Server Error": {
                    "fails": 1258,
                    "name": "500 Internal Server Error",
                    "path": "::500 Internal Server Error",
                    "id": "3cd96245b24e869810efe46d533b0eef",
                    "passes": 42
                },
                "502 Bad Gateway": {
                    "id": "712cb0ec189a11f31f0d6d0c0031b569",
                    "passes": 0,
                    "fails": 1300,
                    "name": "502 Bad Gateway",
                    "path": "::502 Bad Gateway"
                },
                "503 Service Unavailable": {
                    "path": "::503 Service Unavailable",
                    "id": "f1ea1a22be0dc738c385523a66ea1cd9",
                    "passes": 0,
                    "fails": 1300,
                    "name": "503 Service Unavailable"
                },
                "504 Gateway Timeout": {
                    "fails": 1300,
                    "name": "504 Gateway Timeout",
                    "path": "::504 Gateway Timeout",
                    "id": "218efb729cb654723ccd57c6ebbebe29",
                    "passes": 0
                }
            }
    }
}