{
    "metrics": {
        "http_req_duration": {
            "avg": 417.6011,
            "min": 417.6011,
            "med": 417.6011,
            "max": 417.6011,
            "p(90)": 417.6011,
            "p(95)": 417.6011
        },
        "vus": {
            "value": 1,
            "min": 1,
            "max": 1
        },
        "iteration_duration": {
            "p(95)": 1435.242,
            "avg": 1435.242,
            "min": 1435.242,
            "med": 1435.242,
            "max": 1435.242,
            "p(90)": 1435.242
        },
        "vus_max": {
            "value": 1,
            "min": 1,
            "max": 1
        },
        "dropped_iterations": {
            "count": 1,
            "rate": 0.6962669231156998
        },
        "http_req_failed": {
            "passes": 0,
            "fails": 1,
            "value": 0
        },
        "http_req_sending": {
            "max": 1.0036,
            "p(90)": 1.0036,
            "p(95)": 1.0036,
            "avg": 1.0036,
            "min": 1.0036,
            "med": 1.0036
        },
        "http_req_receiving": {
            "p(95)": 1.9899,
            "avg": 1.9899,
            "min": 1.9899,
            "med": 1.9899,
            "max": 1.9899,
            "p(90)": 1.9899
        },
        "data_sent": {
            "count": 895,
            "rate": 623.1588961885514
        },
        "http_req_connecting": {
            "med": 5.9921,
            "max": 5.9921,
            "p(90)": 5.9921,
            "p(95)": 5.9921,
            "avg": 5.9921,
            "min": 5.9921
        },
        "http_req_tls_handshaking": {
            "min": 3.9989,
            "med": 3.9989,
            "max": 3.9989,
            "p(90)": 3.9989,
            "p(95)": 3.9989,
            "avg": 3.9989
        },
        "http_req_waiting": {
            "avg": 414.6076,
            "min": 414.6076,
            "med": 414.6076,
            "max": 414.6076,
            "p(90)": 414.6076,
            "p(95)": 414.6076
        },
        "http_reqs": {
            "rate": 0.6962669231156998,
            "count": 1
        },
        "iterations": {
            "count": 1,
            "rate": 0.6962669231156998
        },
        "data_received": {
            "count": 6547,
            "rate": 4558.459545638487
        },
        "checks": {
            "passes": 1,
            "fails": 11,
            "value": 0.08333333333333333
        },
        "http_req_duration{expected_response:true}": {
            "avg": 417.6011,
            "min": 417.6011,
            "med": 417.6011,
            "max": 417.6011,
            "p(90)": 417.6011,
            "p(95)": 417.6011
        },
        "http_req_blocked": {
            "avg": 9.991,
            "min": 9.991,
            "med": 9.991,
            "max": 9.991,
            "p(90)": 9.991,
            "p(95)": 9.991
        }
    },
    "root_group": {
        "name": "",
        "path": "",
        "id": "d41d8cd98f00b204e9800998ecf8427e",
        "groups": {},
        "checks": {
                "200 OK": {
                    "name": "200 OK",
                    "path": "::200 OK",
                    "id": "e9654c443eff553da9e69eda7007924e",
                    "passes": 1,
                    "fails": 0
                },
                "201 Created": {
                    "name": "201 Created",
                    "path": "::201 Created",
                    "id": "728dcd977aae263ca314731145e1d447",
                    "passes": 0,
                    "fails": 1
                },
                "204 No Content": {
                    "name": "204 No Content",
                    "path": "::204 No Content",
                    "id": "54fa3c2eda34e1622fda2da5e0479fc5",
                    "passes": 0,
                    "fails": 1
                },
                "400 Bad Request": {
                    "passes": 0,
                    "fails": 1,
                    "name": "400 Bad Request",
                    "path": "::400 Bad Request",
                    "id": "eeae81934b9b58bccaf0184a6d070338"
                },
                "401 Unauthorized": {
                    "name": "401 Unauthorized",
                    "path": "::401 Unauthorized",
                    "id": "6ae9254e6aefe7f0bafe5102fa7e20a5",
                    "passes": 0,
                    "fails": 1
                },
                "403 Forbidden": {
                    "name": "403 Forbidden",
                    "path": "::403 Forbidden",
                    "id": "655548b761742c5a7ad15aa7df3a5d9c",
                    "passes": 0,
                    "fails": 1
                },
                "404 Not Found": {
                    "name": "404 Not Found",
                    "path": "::404 Not Found",
                    "id": "df1528f9925ca236bac51008f77b774a",
                    "passes": 0,
                    "fails": 1
                },
                "429 Too Many Requests": {
                    "id": "b810c35b9499cc7342fd415032e3a6aa",
                    "passes": 0,
                    "fails": 1,
                    "name": "429 Too Many Requests",
                    "path": "::429 Too Many Requests"
                },
                "500 Internal Server Error": {
                    "path": "::500 Internal Server Error",
                    "id": "3cd96245b24e869810efe46d533b0eef",
                    "passes": 0,
                    "fails": 1,
                    "name": "500 Internal Server Error"
                },
                "502 Bad Gateway": {
                    "fails": 1,
                    "name": "502 Bad Gateway",
                    "path": "::502 Bad Gateway",
                    "id": "712cb0ec189a11f31f0d6d0c0031b569",
                    "passes": 0
                },
                "503 Service Unavailable": {
                    "name": "503 Service Unavailable",
                    "path": "::503 Service Unavailable",
                    "id": "f1ea1a22be0dc738c385523a66ea1cd9",
                    "passes": 0,
                    "fails": 1
                },
                "504 Gateway Timeout": {
                    "name": "504 Gateway Timeout",
                    "path": "::504 Gateway Timeout",
                    "id": "218efb729cb654723ccd57c6ebbebe29",
                    "passes": 0,
                    "fails": 1
                }
            }
    }
}