{
    "metrics": {
        "http_reqs": {
            "count": 900,
            "rate": 52.78132109863874
        },
        "http_req_duration{expected_response:true}": {
            "p(90)": 13034.6691,
            "p(95)": 14258.240165,
            "avg": 7375.933003222218,
            "min": 686.9603,
            "med": 7270.03505,
            "max": 15833.751
        },
        "checks": {
            "passes": 900,
            "fails": 9900,
            "value": 0.08333333333333333
        },
        "http_req_duration": {
            "min": 686.9603,
            "med": 7270.03505,
            "max": 15833.751,
            "p(90)": 13034.6691,
            "p(95)": 14258.240165,
            "avg": 7375.933003222218
        },
        "http_req_waiting": {
            "avg": 7373.85285577778,
            "min": 685.9578,
            "med": 7269.034900000001,
            "max": 15833.5464,
            "p(90)": 13034.47382,
            "p(95)": 14257.19009
        },
        "http_req_receiving": {
            "p(90)": 0.8864600000000001,
            "p(95)": 0.991725,
            "avg": 0.3011785555555556,
            "min": 0,
            "med": 0.0574,
            "max": 2.006
        },
        "http_req_failed": {
            "passes": 0,
            "fails": 900,
            "value": 0
        },
        "data_sent": {
            "rate": 46764.25049339393,
            "count": 797400
        },
        "iteration_duration": {
            "avg": 8525.435070888896,
            "min": 1791.0518,
            "med": 8450.00865,
            "max": 17018.0713,
            "p(90)": 14257.96874,
            "p(95)": 15407.386459999998
        },
        "vus_max": {
            "value": 900,
            "min": 900,
            "max": 900
        },
        "http_req_connecting": {
            "p(95)": 64.532705,
            "avg": 57.491318666666636,
            "min": 23.0018,
            "med": 61.002,
            "max": 81.0021,
            "p(90)": 63.5341
        },
        "http_req_tls_handshaking": {
            "max": 192.978,
            "p(90)": 176.37008000000003,
            "p(95)": 179.835,
            "avg": 90.78468677777789,
            "min": 7.0006,
            "med": 76.0031
        },
        "data_received": {
            "count": 6148800,
            "rate": 360601.9857458999
        },
        "http_req_sending": {
            "med": 1.0002499999999999,
            "max": 27.9979,
            "p(90)": 3.9997,
            "p(95)": 5.995425,
            "avg": 1.7789688888888857,
            "min": 0
        },
        "iterations": {
            "count": 900,
            "rate": 52.78132109863874
        },
        "vus": {
            "value": 28,
            "min": 28,
            "max": 900
        },
        "http_req_blocked": {
            "avg": 148.67887700000006,
            "min": 51.0028,
            "med": 138.5417,
            "max": 258.6064,
            "p(90)": 236.8505,
            "p(95)": 241.8519
        }
    },
    "root_group": {
        "groups": {},
        "checks": {
                "200 OK": {
                    "id": "e9654c443eff553da9e69eda7007924e",
                    "passes": 900,
                    "fails": 0,
                    "name": "200 OK",
                    "path": "::200 OK"
                },
                "201 Created": {
                    "passes": 0,
                    "fails": 900,
                    "name": "201 Created",
                    "path": "::201 Created",
                    "id": "728dcd977aae263ca314731145e1d447"
                },
                "204 No Content": {
                    "name": "204 No Content",
                    "path": "::204 No Content",
                    "id": "54fa3c2eda34e1622fda2da5e0479fc5",
                    "passes": 0,
                    "fails": 900
                },
                "400 Bad Request": {
                    "fails": 900,
                    "name": "400 Bad Request",
                    "path": "::400 Bad Request",
                    "id": "eeae81934b9b58bccaf0184a6d070338",
                    "passes": 0
                },
                "401 Unauthorized": {
                    "name": "401 Unauthorized",
                    "path": "::401 Unauthorized",
                    "id": "6ae9254e6aefe7f0bafe5102fa7e20a5",
                    "passes": 0,
                    "fails": 900
                },
                "403 Forbidden": {
                    "fails": 900,
                    "name": "403 Forbidden",
                    "path": "::403 Forbidden",
                    "id": "655548b761742c5a7ad15aa7df3a5d9c",
                    "passes": 0
                },
                "404 Not Found": {
                    "name": "404 Not Found",
                    "path": "::404 Not Found",
                    "id": "df1528f9925ca236bac51008f77b774a",
                    "passes": 0,
                    "fails": 900
                },
                "429 Too Many Requests": {
                    "name": "429 Too Many Requests",
                    "path": "::429 Too Many Requests",
                    "id": "b810c35b9499cc7342fd415032e3a6aa",
                    "passes": 0,
                    "fails": 900
                },
                "500 Internal Server Error": {
                    "path": "::500 Internal Server Error",
                    "id": "3cd96245b24e869810efe46d533b0eef",
                    "passes": 0,
                    "fails": 900,
                    "name": "500 Internal Server Error"
                },
                "502 Bad Gateway": {
                    "name": "502 Bad Gateway",
                    "path": "::502 Bad Gateway",
                    "id": "712cb0ec189a11f31f0d6d0c0031b569",
                    "passes": 0,
                    "fails": 900
                },
                "503 Service Unavailable": {
                    "name": "503 Service Unavailable",
                    "path": "::503 Service Unavailable",
                    "id": "f1ea1a22be0dc738c385523a66ea1cd9",
                    "passes": 0,
                    "fails": 900
                },
                "504 Gateway Timeout": {
                    "name": "504 Gateway Timeout",
                    "path": "::504 Gateway Timeout",
                    "id": "218efb729cb654723ccd57c6ebbebe29",
                    "passes": 0,
                    "fails": 900
                }
            },
        "name": "",
        "path": "",
        "id": "d41d8cd98f00b204e9800998ecf8427e"
    }
}