{
    "metrics": {
        "http_req_connecting": {
            "p(90)": 155.6407,
            "p(95)": 157.30158999999998,
            "avg": 140.3926923636361,
            "min": 20.966,
            "med": 137.67275,
            "max": 226.4034
        },
        "http_req_failed": {
            "passes": 351,
            "fails": 749,
            "value": 0.3190909090909091
        },
        "data_received": {
            "count": 13108855,
            "rate": 1379445.2533594058
        },
        "iterations": {
            "rate": 115.75303706504849,
            "count": 1100
        },
        "http_req_blocked": {
            "p(90)": 330.1517,
            "p(95)": 332.79726999999997,
            "avg": 291.6656798181817,
            "min": 164.0223,
            "med": 294.7944,
            "max": 418.0378
        },
        "data_sent": {
            "rate": 111433.13372178089,
            "count": 1058948
        },
        "http_req_waiting": {
            "p(95)": 6603.349564999997,
            "avg": 2586.4947149090926,
            "min": 32.0013,
            "med": 2105.22325,
            "max": 8165.1062,
            "p(90)": 6196.07637
        },
        "http_req_receiving": {
            "min": 0,
            "med": 0.01405,
            "max": 11.998,
            "p(90)": 2.1409,
            "p(95)": 3.997945,
            "avg": 0.8204560000000011
        },
        "vus": {
            "max": 1100,
            "value": 21,
            "min": 21
        },
        "vus_max": {
            "value": 1100,
            "min": 1100,
            "max": 1100
        },
        "iteration_duration": {
            "med": 3372.8713,
            "max": 9463.3746,
            "p(90)": 7492.2357,
            "p(95)": 7905.607274999997,
            "avg": 3883.8273773636365,
            "min": 1329.141
        },
        "http_reqs": {
            "count": 1100,
            "rate": 115.75303706504849
        },
        "http_req_duration{expected_response:true}": {
            "avg": 3778.88161281709,
            "min": 105.1522,
            "med": 3787.2581,
            "max": 8166.1443,
            "p(90)": 6459.7026,
            "p(95)": 7134.888280000001
        },
        "http_req_sending": {
            "min": 0,
            "med": 2.4071,
            "max": 38.0013,
            "p(90)": 5.00171,
            "p(95)": 7.000954999999999,
            "avg": 3.2717279090909055
        },
        "checks": {
            "passes": 1100,
            "fails": 12100,
            "value": 0.08333333333333333
        },
        "http_req_duration": {
            "med": 2106.74525,
            "max": 8166.1443,
            "p(90)": 6201.07341,
            "p(95)": 6605.449959999996,
            "avg": 2590.586898818183,
            "min": 40.999
        },
        "http_req_tls_handshaking": {
            "avg": 150.54429536363648,
            "min": 22,
            "med": 142.1572,
            "max": 205.8142,
            "p(90)": 194.1644,
            "p(95)": 196.83951999999996
        }
    },
    "root_group": {
        "path": "",
        "id": "d41d8cd98f00b204e9800998ecf8427e",
        "groups": {},
        "checks": {
                "200 OK": {
                    "passes": 749,
                    "fails": 351,
                    "name": "200 OK",
                    "path": "::200 OK",
                    "id": "e9654c443eff553da9e69eda7007924e"
                },
                "201 Created": {
                    "name": "201 Created",
                    "path": "::201 Created",
                    "id": "728dcd977aae263ca314731145e1d447",
                    "passes": 0,
                    "fails": 1100
                },
                "204 No Content": {
                    "path": "::204 No Content",
                    "id": "54fa3c2eda34e1622fda2da5e0479fc5",
                    "passes": 0,
                    "fails": 1100,
                    "name": "204 No Content"
                },
                "400 Bad Request": {
                    "fails": 1100,
                    "name": "400 Bad Request",
                    "path": "::400 Bad Request",
                    "id": "eeae81934b9b58bccaf0184a6d070338",
                    "passes": 0
                },
                "401 Unauthorized": {
                    "passes": 0,
                    "fails": 1100,
                    "name": "401 Unauthorized",
                    "path": "::401 Unauthorized",
                    "id": "6ae9254e6aefe7f0bafe5102fa7e20a5"
                },
                "403 Forbidden": {
                    "id": "655548b761742c5a7ad15aa7df3a5d9c",
                    "passes": 0,
                    "fails": 1100,
                    "name": "403 Forbidden",
                    "path": "::403 Forbidden"
                },
                "404 Not Found": {
                    "name": "404 Not Found",
                    "path": "::404 Not Found",
                    "id": "df1528f9925ca236bac51008f77b774a",
                    "passes": 0,
                    "fails": 1100
                },
                "429 Too Many Requests": {
                    "id": "b810c35b9499cc7342fd415032e3a6aa",
                    "passes": 0,
                    "fails": 1100,
                    "name": "429 Too Many Requests",
                    "path": "::429 Too Many Requests"
                },
                "500 Internal Server Error": {
                    "name": "500 Internal Server Error",
                    "path": "::500 Internal Server Error",
                    "id": "3cd96245b24e869810efe46d533b0eef",
                    "passes": 351,
                    "fails": 749
                },
                "502 Bad Gateway": {
                    "fails": 1100,
                    "name": "502 Bad Gateway",
                    "path": "::502 Bad Gateway",
                    "id": "712cb0ec189a11f31f0d6d0c0031b569",
                    "passes": 0
                },
                "503 Service Unavailable": {
                    "name": "503 Service Unavailable",
                    "path": "::503 Service Unavailable",
                    "id": "f1ea1a22be0dc738c385523a66ea1cd9",
                    "passes": 0,
                    "fails": 1100
                },
                "504 Gateway Timeout": {
                    "name": "504 Gateway Timeout",
                    "path": "::504 Gateway Timeout",
                    "id": "218efb729cb654723ccd57c6ebbebe29",
                    "passes": 0,
                    "fails": 1100
                }
            },
        "name": ""
    }
}