{
    "metrics": {
        "http_req_connecting": {
            "p(95)": 29.284784999999992,
            "avg": 25.250185999999985,
            "min": 12.9187,
            "med": 26.0002,
            "max": 38.9353,
            "p(90)": 28.7728
        },
        "vus_max": {
            "min": 400,
            "max": 400,
            "value": 400
        },
        "http_req_duration{expected_response:true}": {
            "avg": 38053.67175999997,
            "min": 24877.3028,
            "med": 42031.82255,
            "max": 45583.8329,
            "p(90)": 45197.7837,
            "p(95)": 45470.337165
        },
        "http_reqs": {
            "rate": 8.561340047313132,
            "count": 400
        },
        "data_sent": {
            "count": 212400,
            "rate": 4546.071565123273
        },
        "vus": {
            "max": 400,
            "value": 1,
            "min": 1
        },
        "data_received": {
            "count": 4146000,
            "rate": 88738.28959040061
        },
        "iterations": {
            "count": 400,
            "rate": 8.561340047313132
        },
        "http_req_failed": {
            "passes": 0,
            "fails": 400,
            "value": 0
        },
        "checks": {
            "passes": 400,
            "fails": 4400,
            "value": 0.08333333333333333
        },
        "http_req_duration": {
            "p(95)": 45470.337165,
            "avg": 38053.67175999997,
            "min": 24877.3028,
            "med": 42031.82255,
            "max": 45583.8329,
            "p(90)": 45197.7837
        },
        "http_req_waiting": {
            "med": 42030.813599999994,
            "max": 45583.8329,
            "p(90)": 45194.88369,
            "p(95)": 45468.43313,
            "avg": 38051.92183774997,
            "min": 24877.3028
        },
        "http_req_tls_handshaking": {
            "max": 85.5456,
            "p(90)": 71.0407,
            "p(95)": 78.50957999999994,
            "avg": 41.942402750000014,
            "min": 5.0053,
            "med": 33.7301
        },
        "http_req_sending": {
            "med": 1.0008,
            "max": 12.9946,
            "p(90)": 3.064350000000011,
            "p(95)": 5.037989999999983,
            "avg": 1.7109327500000004,
            "min": 0
        },
        "http_req_receiving": {
            "avg": 0.03898949999999999,
            "min": 0,
            "med": 0,
            "max": 1.526,
            "p(90)": 0,
            "p(95)": 0.2225199999999998
        },
        "iteration_duration": {
            "p(90)": 46249.274150000005,
            "p(95)": 46569.67103,
            "avg": 39121.93366075002,
            "min": 25934.4752,
            "med": 43085.50975,
            "max": 46697.1359
        },
        "http_req_blocked": {
            "med": 59.92425,
            "max": 115.1792,
            "p(90)": 99.2299,
            "p(95)": 105.83795,
            "avg": 67.57289025000004,
            "min": 25.0171
        }
    },
    "root_group": {
        "name": "",
        "path": "",
        "id": "d41d8cd98f00b204e9800998ecf8427e",
        "groups": {},
        "checks": {
                "200 OK": {
                    "fails": 0,
                    "name": "200 OK",
                    "path": "::200 OK",
                    "id": "e9654c443eff553da9e69eda7007924e",
                    "passes": 400
                },
                "201 Created": {
                    "name": "201 Created",
                    "path": "::201 Created",
                    "id": "728dcd977aae263ca314731145e1d447",
                    "passes": 0,
                    "fails": 400
                },
                "204 No Content": {
                    "name": "204 No Content",
                    "path": "::204 No Content",
                    "id": "54fa3c2eda34e1622fda2da5e0479fc5",
                    "passes": 0,
                    "fails": 400
                },
                "400 Bad Request": {
                    "name": "400 Bad Request",
                    "path": "::400 Bad Request",
                    "id": "eeae81934b9b58bccaf0184a6d070338",
                    "passes": 0,
                    "fails": 400
                },
                "401 Unauthorized": {
                    "passes": 0,
                    "fails": 400,
                    "name": "401 Unauthorized",
                    "path": "::401 Unauthorized",
                    "id": "6ae9254e6aefe7f0bafe5102fa7e20a5"
                },
                "403 Forbidden": {
                    "name": "403 Forbidden",
                    "path": "::403 Forbidden",
                    "id": "655548b761742c5a7ad15aa7df3a5d9c",
                    "passes": 0,
                    "fails": 400
                },
                "404 Not Found": {
                    "fails": 400,
                    "name": "404 Not Found",
                    "path": "::404 Not Found",
                    "id": "df1528f9925ca236bac51008f77b774a",
                    "passes": 0
                },
                "429 Too Many Requests": {
                    "fails": 400,
                    "name": "429 Too Many Requests",
                    "path": "::429 Too Many Requests",
                    "id": "b810c35b9499cc7342fd415032e3a6aa",
                    "passes": 0
                },
                "500 Internal Server Error": {
                    "id": "3cd96245b24e869810efe46d533b0eef",
                    "passes": 0,
                    "fails": 400,
                    "name": "500 Internal Server Error",
                    "path": "::500 Internal Server Error"
                },
                "502 Bad Gateway": {
                    "name": "502 Bad Gateway",
                    "path": "::502 Bad Gateway",
                    "id": "712cb0ec189a11f31f0d6d0c0031b569",
                    "passes": 0,
                    "fails": 400
                },
                "503 Service Unavailable": {
                    "name": "503 Service Unavailable",
                    "path": "::503 Service Unavailable",
                    "id": "f1ea1a22be0dc738c385523a66ea1cd9",
                    "passes": 0,
                    "fails": 400
                },
                "504 Gateway Timeout": {
                    "id": "218efb729cb654723ccd57c6ebbebe29",
                    "passes": 0,
                    "fails": 400,
                    "name": "504 Gateway Timeout",
                    "path": "::504 Gateway Timeout"
                }
            }
    }
}