{
    "metrics": {
        "vus": {
            "value": 13,
            "min": 13,
            "max": 400
        },
        "data_received": {
            "count": 5379200,
            "rate": 2022468.6065626687
        },
        "iteration_duration": {
            "avg": 1774.6346447500018,
            "min": 1082.7549,
            "med": 1777.53145,
            "max": 2594.7394,
            "p(90)": 2305.74767,
            "p(95)": 2429.3340649999996
        },
        "http_req_duration": {
            "min": 48.0026,
            "med": 732.61185,
            "max": 1534.1801,
            "p(90)": 1244.19514,
            "p(95)": 1368.713215,
            "avg": 729.1684655000004
        },
        "http_req_connecting": {
            "p(90)": 24.99871,
            "p(95)": 32.894849999999984,
            "avg": 15.735777249999982,
            "min": 2.9974,
            "med": 18.9935,
            "max": 49.8761
        },
        "http_reqs": {
            "rate": 150.39177621673622,
            "count": 400
        },
        "vus_max": {
            "min": 400,
            "max": 400,
            "value": 400
        },
        "checks": {
            "passes": 400,
            "fails": 4400,
            "value": 0.08333333333333333
        },
        "http_req_duration{expected_response:true}": {
            "p(95)": 1368.713215,
            "avg": 729.1684655000004,
            "min": 48.0026,
            "med": 732.61185,
            "max": 1534.1801,
            "p(90)": 1244.19514
        },
        "http_req_failed": {
            "fails": 400,
            "passes": 0,
            "value": 0
        },
        "iterations": {
            "count": 400,
            "rate": 150.39177621673622
        },
        "http_req_tls_handshaking": {
            "avg": 28.77243100000001,
            "min": 5.9966,
            "med": 23.9986,
            "max": 57.0019,
            "p(90)": 48.99918,
            "p(95)": 52.000515
        },
        "data_sent": {
            "count": 287600,
            "rate": 108131.68709983335
        },
        "http_req_receiving": {
            "min": 0,
            "med": 0,
            "max": 1.3516,
            "p(90)": 0.45253000000000015,
            "p(95)": 0.6900549999999998,
            "avg": 0.08581850000000006
        },
        "http_req_blocked": {
            "p(90)": 62.00094,
            "p(95)": 73.55048999999988,
            "avg": 44.70250000000001,
            "min": 13.9975,
            "med": 43.0023,
            "max": 101.5103
        },
        "http_req_sending": {
            "avg": 0.7578130000000002,
            "min": 0,
            "med": 0,
            "max": 5.9976,
            "p(90)": 2.00146,
            "p(95)": 3.0009
        },
        "http_req_waiting": {
            "avg": 728.324834,
            "min": 46.0015,
            "med": 731.1116999999999,
            "max": 1534.1801,
            "p(90)": 1243.20845,
            "p(95)": 1368.71013
        }
    },
    "root_group": {
        "checks": {
            "200 OK": {
                "name": "200 OK",
                "path": "::200 OK",
                "id": "e9654c443eff553da9e69eda7007924e",
                "passes": 400,
                "fails": 0
            },
            "201 Created": {
                "name": "201 Created",
                "path": "::201 Created",
                "id": "728dcd977aae263ca314731145e1d447",
                "passes": 0,
                "fails": 400
            },
            "204 No Content": {
                "fails": 400,
                "name": "204 No Content",
                "path": "::204 No Content",
                "id": "54fa3c2eda34e1622fda2da5e0479fc5",
                "passes": 0
            },
            "400 Bad Request": {
                "name": "400 Bad Request",
                "path": "::400 Bad Request",
                "id": "eeae81934b9b58bccaf0184a6d070338",
                "passes": 0,
                "fails": 400
            },
            "401 Unauthorized": {
                "id": "6ae9254e6aefe7f0bafe5102fa7e20a5",
                "passes": 0,
                "fails": 400,
                "name": "401 Unauthorized",
                "path": "::401 Unauthorized"
            },
            "403 Forbidden": {
                "name": "403 Forbidden",
                "path": "::403 Forbidden",
                "id": "655548b761742c5a7ad15aa7df3a5d9c",
                "passes": 0,
                "fails": 400
            },
            "404 Not Found": {
                "passes": 0,
                "fails": 400,
                "name": "404 Not Found",
                "path": "::404 Not Found",
                "id": "df1528f9925ca236bac51008f77b774a"
            },
            "429 Too Many Requests": {
                "name": "429 Too Many Requests",
                "path": "::429 Too Many Requests",
                "id": "b810c35b9499cc7342fd415032e3a6aa",
                "passes": 0,
                "fails": 400
            },
            "500 Internal Server Error": {
                "id": "3cd96245b24e869810efe46d533b0eef",
                "passes": 0,
                "fails": 400,
                "name": "500 Internal Server Error",
                "path": "::500 Internal Server Error"
            },
            "502 Bad Gateway": {
                "passes": 0,
                "fails": 400,
                "name": "502 Bad Gateway",
                "path": "::502 Bad Gateway",
                "id": "712cb0ec189a11f31f0d6d0c0031b569"
            },
            "503 Service Unavailable": {
                "fails": 400,
                "name": "503 Service Unavailable",
                "path": "::503 Service Unavailable",
                "id": "f1ea1a22be0dc738c385523a66ea1cd9",
                "passes": 0
            },
            "504 Gateway Timeout": {
                "id": "218efb729cb654723ccd57c6ebbebe29",
                "passes": 0,
                "fails": 400,
                "name": "504 Gateway Timeout",
                "path": "::504 Gateway Timeout"
            }
        },
        "name": "",
        "path": "",
        "id": "d41d8cd98f00b204e9800998ecf8427e",
        "groups": {}
    }
}