{
    "metrics": {
        "iteration_duration": {
            "avg": 3332.650766000002,
            "min": 1191.4393,
            "med": 3343.74215,
            "max": 5225.5808,
            "p(90)": 4969.16414,
            "p(95)": 5149.71205
        },
        "data_received": {
            "rate": 714557.5858885717,
            "count": 3744000
        },
        "vus_max": {
            "value": 900,
            "min": 900,
            "max": 900
        },
        "http_req_blocked": {
            "max": 290.2881,
            "p(90)": 205.30562999999998,
            "p(95)": 210.45970999999994,
            "avg": 142.67813177777793,
            "min": 55.9963,
            "med": 130.0034
        },
        "iterations": {
            "count": 900,
            "rate": 171.76865045398358
        },
        "http_req_receiving": {
            "avg": 0.23650344444444452,
            "min": 0,
            "med": 0,
            "max": 12.975,
            "p(90)": 0.79281,
            "p(95)": 0.9117049999999999
        },
        "http_req_connecting": {
            "min": 22.0009,
            "med": 58.0003,
            "max": 67.0008,
            "p(90)": 60.471550000000015,
            "p(95)": 61.001805000000004,
            "avg": 55.98823900000006
        },
        "http_reqs": {
            "count": 900,
            "rate": 171.76865045398358
        },
        "http_req_sending": {
            "avg": 1.0490733333333324,
            "min": 0,
            "med": 0,
            "max": 5.9995,
            "p(90)": 3.0007,
            "p(95)": 3.99961
        },
        "http_req_failed": {
            "passes": 0,
            "fails": 900,
            "value": 0
        },
        "data_sent": {
            "count": 473400,
            "rate": 90350.31013879536
        },
        "http_req_tls_handshaking": {
            "min": 24.5887,
            "med": 77.9997,
            "max": 166.3074,
            "p(90)": 146.2855,
            "p(95)": 150.407,
            "avg": 86.13835377777771
        },
        "checks": {
            "fails": 9900,
            "passes": 900,
            "value": 0.08333333333333333
        },
        "vus": {
            "value": 2,
            "min": 2,
            "max": 900
        },
        "http_req_duration{expected_response:true}": {
            "p(95)": 3917.016445,
            "avg": 2188.6692835555546,
            "min": 73.0102,
            "med": 2214.97185,
            "max": 4031.7469,
            "p(90)": 3768.1134200000006
        },
        "http_req_waiting": {
            "avg": 2187.3837067777786,
            "min": 69.0066,
            "med": 2212.45655,
            "max": 4030.7415,
            "p(90)": 3768.0811200000003,
            "p(95)": 3916.39505
        },
        "http_req_duration": {
            "avg": 2188.6692835555546,
            "min": 73.0102,
            "med": 2214.97185,
            "max": 4031.7469,
            "p(90)": 3768.1134200000006,
            "p(95)": 3917.016445
        }
    },
    "root_group": {
        "name": "",
        "path": "",
        "id": "d41d8cd98f00b204e9800998ecf8427e",
        "groups": {},
        "checks": {
                "200 OK": {
                    "name": "200 OK",
                    "path": "::200 OK",
                    "id": "e9654c443eff553da9e69eda7007924e",
                    "passes": 900,
                    "fails": 0
                },
                "201 Created": {
                    "path": "::201 Created",
                    "id": "728dcd977aae263ca314731145e1d447",
                    "passes": 0,
                    "fails": 900,
                    "name": "201 Created"
                },
                "204 No Content": {
                    "name": "204 No Content",
                    "path": "::204 No Content",
                    "id": "54fa3c2eda34e1622fda2da5e0479fc5",
                    "passes": 0,
                    "fails": 900
                },
                "400 Bad Request": {
                    "name": "400 Bad Request",
                    "path": "::400 Bad Request",
                    "id": "eeae81934b9b58bccaf0184a6d070338",
                    "passes": 0,
                    "fails": 900
                },
                "401 Unauthorized": {
                    "name": "401 Unauthorized",
                    "path": "::401 Unauthorized",
                    "id": "6ae9254e6aefe7f0bafe5102fa7e20a5",
                    "passes": 0,
                    "fails": 900
                },
                "403 Forbidden": {
                    "name": "403 Forbidden",
                    "path": "::403 Forbidden",
                    "id": "655548b761742c5a7ad15aa7df3a5d9c",
                    "passes": 0,
                    "fails": 900
                },
                "404 Not Found": {
                    "name": "404 Not Found",
                    "path": "::404 Not Found",
                    "id": "df1528f9925ca236bac51008f77b774a",
                    "passes": 0,
                    "fails": 900
                },
                "429 Too Many Requests": {
                    "name": "429 Too Many Requests",
                    "path": "::429 Too Many Requests",
                    "id": "b810c35b9499cc7342fd415032e3a6aa",
                    "passes": 0,
                    "fails": 900
                },
                "500 Internal Server Error": {
                    "id": "3cd96245b24e869810efe46d533b0eef",
                    "passes": 0,
                    "fails": 900,
                    "name": "500 Internal Server Error",
                    "path": "::500 Internal Server Error"
                },
                "502 Bad Gateway": {
                    "passes": 0,
                    "fails": 900,
                    "name": "502 Bad Gateway",
                    "path": "::502 Bad Gateway",
                    "id": "712cb0ec189a11f31f0d6d0c0031b569"
                },
                "503 Service Unavailable": {
                    "path": "::503 Service Unavailable",
                    "id": "f1ea1a22be0dc738c385523a66ea1cd9",
                    "passes": 0,
                    "fails": 900,
                    "name": "503 Service Unavailable"
                },
                "504 Gateway Timeout": {
                    "name": "504 Gateway Timeout",
                    "path": "::504 Gateway Timeout",
                    "id": "218efb729cb654723ccd57c6ebbebe29",
                    "passes": 0,
                    "fails": 900
                }
            }
    }
}