{
    "metrics": {
        "http_reqs": {
            "count": 1100,
            "rate": 540.5864704671959
        },
        "data_sent": {
            "count": 645152,
            "rate": 317054.94781350216
        },
        "http_req_connecting": {
            "p(95)": 82.5313,
            "avg": 73.49439954545453,
            "min": 20.3147,
            "med": 74.5361,
            "max": 94.5325,
            "p(90)": 80.6615
        },
        "http_req_sending": {
            "avg": 0.6541411818181814,
            "min": 0,
            "med": 0,
            "max": 5.7654,
            "p(90)": 2.002,
            "p(95)": 2.99971
        },
        "iteration_duration": {
            "max": 1994.9767,
            "p(90)": 1905.98626,
            "p(95)": 1942.883855,
            "avg": 1562.7661450909081,
            "min": 1149.2641,
            "med": 1558.4333
        },
        "http_req_duration{expected_response:true}": {
            "avg": 469.2634187032423,
            "min": 47.9961,
            "med": 522.453,
            "max": 797.0451,
            "p(90)": 735.51627,
            "p(95)": 749.4175099999999
        },
        "http_req_duration": {
            "avg": 369.1771914545455,
            "min": 47.9961,
            "med": 400.97929999999997,
            "max": 797.0451,
            "p(90)": 718.27576,
            "p(95)": 740.07716
        },
        "http_req_blocked": {
            "p(95)": 295.15345999999994,
            "avg": 192.53580436363617,
            "min": 85.0038,
            "med": 181.70260000000002,
            "max": 344.1082,
            "p(90)": 280.95055
        },
        "data_received": {
            "count": 5928048,
            "rate": 2913293.222800109
        },
        "vus": {
            "min": 1100,
            "max": 1100,
            "value": 1100
        },
        "http_req_failed": {
            "passes": 298,
            "fails": 802,
            "value": 0.27090909090909093
        },
        "checks": {
            "passes": 1100,
            "fails": 12100,
            "value": 0.08333333333333333
        },
        "iterations": {
            "count": 1100,
            "rate": 540.5864704671959
        },
        "http_req_tls_handshaking": {
            "avg": 118.67598290909065,
            "min": 20.9979,
            "med": 108.00645,
            "max": 255.5411,
            "p(90)": 212.14281,
            "p(95)": 227.63175999999996
        },
        "http_req_receiving": {
            "max": 6.3131,
            "p(90)": 0.7016,
            "p(95)": 0.9995050000000001,
            "avg": 0.25433327272727296,
            "min": 0,
            "med": 0
        },
        "http_req_waiting": {
            "avg": 368.2687169999995,
            "min": 45.3801,
            "med": 400.2412,
            "max": 795.0571,
            "p(90)": 717.6672199999999,
            "p(95)": 739.657385
        },
        "vus_max": {
            "max": 1100,
            "value": 1100,
            "min": 1100
        }
    },
    "root_group": {
        "groups": {},
        "checks": {
                "200 OK": {
                    "id": "e9654c443eff553da9e69eda7007924e",
                    "passes": 802,
                    "fails": 298,
                    "name": "200 OK",
                    "path": "::200 OK"
                },
                "201 Created": {
                    "name": "201 Created",
                    "path": "::201 Created",
                    "id": "728dcd977aae263ca314731145e1d447",
                    "passes": 0,
                    "fails": 1100
                },
                "204 No Content": {
                    "name": "204 No Content",
                    "path": "::204 No Content",
                    "id": "54fa3c2eda34e1622fda2da5e0479fc5",
                    "passes": 0,
                    "fails": 1100
                },
                "400 Bad Request": {
                    "name": "400 Bad Request",
                    "path": "::400 Bad Request",
                    "id": "eeae81934b9b58bccaf0184a6d070338",
                    "passes": 0,
                    "fails": 1100
                },
                "401 Unauthorized": {
                    "name": "401 Unauthorized",
                    "path": "::401 Unauthorized",
                    "id": "6ae9254e6aefe7f0bafe5102fa7e20a5",
                    "passes": 0,
                    "fails": 1100
                },
                "403 Forbidden": {
                    "name": "403 Forbidden",
                    "path": "::403 Forbidden",
                    "id": "655548b761742c5a7ad15aa7df3a5d9c",
                    "passes": 0,
                    "fails": 1100
                },
                "404 Not Found": {
                    "path": "::404 Not Found",
                    "id": "df1528f9925ca236bac51008f77b774a",
                    "passes": 0,
                    "fails": 1100,
                    "name": "404 Not Found"
                },
                "429 Too Many Requests": {
                    "name": "429 Too Many Requests",
                    "path": "::429 Too Many Requests",
                    "id": "b810c35b9499cc7342fd415032e3a6aa",
                    "passes": 0,
                    "fails": 1100
                },
                "500 Internal Server Error": {
                    "name": "500 Internal Server Error",
                    "path": "::500 Internal Server Error",
                    "id": "3cd96245b24e869810efe46d533b0eef",
                    "passes": 298,
                    "fails": 802
                },
                "502 Bad Gateway": {
                    "fails": 1100,
                    "name": "502 Bad Gateway",
                    "path": "::502 Bad Gateway",
                    "id": "712cb0ec189a11f31f0d6d0c0031b569",
                    "passes": 0
                },
                "503 Service Unavailable": {
                    "name": "503 Service Unavailable",
                    "path": "::503 Service Unavailable",
                    "id": "f1ea1a22be0dc738c385523a66ea1cd9",
                    "passes": 0,
                    "fails": 1100
                },
                "504 Gateway Timeout": {
                    "name": "504 Gateway Timeout",
                    "path": "::504 Gateway Timeout",
                    "id": "218efb729cb654723ccd57c6ebbebe29",
                    "passes": 0,
                    "fails": 1100
                }
            },
        "name": "",
        "path": "",
        "id": "d41d8cd98f00b204e9800998ecf8427e"
    }
}