{
    "metrics": {
        "checks": {
            "fails": 7700,
            "passes": 700,
            "value": 0.08333333333333333
        },
        "http_req_duration{expected_response:true}": {
            "min": 25.0417,
            "med": 241.1834,
            "max": 1137.4819,
            "p(90)": 1055.91182,
            "p(95)": 1075.7408149999999,
            "avg": 352.91089328571417
        },
        "http_req_tls_handshaking": {
            "med": 28.77955,
            "max": 70.8516,
            "p(90)": 48.86802000000001,
            "p(95)": 56.48251,
            "avg": 30.272066857142853,
            "min": 3.2897
        },
        "iterations": {
            "count": 700,
            "rate": 300.3256559798785
        },
        "iteration_duration": {
            "avg": 1402.947170142858,
            "min": 1055.3177,
            "med": 1299.70985,
            "max": 2266.1561,
            "p(90)": 2086.95311,
            "p(95)": 2114.2179899999996
        },
        "vus": {
            "value": 220,
            "min": 220,
            "max": 700
        },
        "http_req_receiving": {
            "avg": 0.07557699999999999,
            "min": 0,
            "med": 0,
            "max": 2.1391,
            "p(90)": 0.3450100000000002,
            "p(95)": 0.5600549999999993
        },
        "http_req_connecting": {
            "avg": 17.758452428571427,
            "min": 2.0156,
            "med": 19.043550000000003,
            "max": 42.8951,
            "p(90)": 27.4073,
            "p(95)": 29.048969999999997
        },
        "http_req_failed": {
            "passes": 0,
            "fails": 700,
            "value": 0
        },
        "data_sent": {
            "count": 6307000,
            "rate": 2705934.1603787052
        },
        "http_req_sending": {
            "avg": 2.1919142857142866,
            "min": 0,
            "med": 1.9991500000000002,
            "max": 21.4106,
            "p(90)": 4,
            "p(95)": 5.778819999999997
        },
        "http_req_waiting": {
            "med": 240.01965,
            "max": 1136.4682,
            "p(90)": 1051.78346,
            "p(95)": 1072.3975849999997,
            "avg": 350.64340199999987,
            "min": 20.9535
        },
        "data_received": {
            "count": 8816500,
            "rate": 3782601.63706657
        },
        "http_reqs": {
            "count": 700,
            "rate": 300.3256559798785
        },
        "http_req_blocked": {
            "avg": 48.692970714285664,
            "min": 6.7881,
            "med": 50.32855,
            "max": 201.2136,
            "p(90)": 70.56039000000001,
            "p(95)": 80.3267
        },
        "vus_max": {
            "max": 700,
            "value": 700,
            "min": 700
        },
        "http_req_duration": {
            "med": 241.1834,
            "max": 1137.4819,
            "p(90)": 1055.91182,
            "p(95)": 1075.7408149999999,
            "avg": 352.91089328571417,
            "min": 25.0417
        }
    },
    "root_group": {
        "id": "d41d8cd98f00b204e9800998ecf8427e",
        "groups": {},
        "checks": {
                "200 OK": {
                    "name": "200 OK",
                    "path": "::200 OK",
                    "id": "e9654c443eff553da9e69eda7007924e",
                    "passes": 700,
                    "fails": 0
                },
                "201 Created": {
                    "name": "201 Created",
                    "path": "::201 Created",
                    "id": "728dcd977aae263ca314731145e1d447",
                    "passes": 0,
                    "fails": 700
                },
                "204 No Content": {
                    "name": "204 No Content",
                    "path": "::204 No Content",
                    "id": "54fa3c2eda34e1622fda2da5e0479fc5",
                    "passes": 0,
                    "fails": 700
                },
                "400 Bad Request": {
                    "name": "400 Bad Request",
                    "path": "::400 Bad Request",
                    "id": "eeae81934b9b58bccaf0184a6d070338",
                    "passes": 0,
                    "fails": 700
                },
                "401 Unauthorized": {
                    "name": "401 Unauthorized",
                    "path": "::401 Unauthorized",
                    "id": "6ae9254e6aefe7f0bafe5102fa7e20a5",
                    "passes": 0,
                    "fails": 700
                },
                "403 Forbidden": {
                    "fails": 700,
                    "name": "403 Forbidden",
                    "path": "::403 Forbidden",
                    "id": "655548b761742c5a7ad15aa7df3a5d9c",
                    "passes": 0
                },
                "404 Not Found": {
                    "name": "404 Not Found",
                    "path": "::404 Not Found",
                    "id": "df1528f9925ca236bac51008f77b774a",
                    "passes": 0,
                    "fails": 700
                },
                "429 Too Many Requests": {
                    "name": "429 Too Many Requests",
                    "path": "::429 Too Many Requests",
                    "id": "b810c35b9499cc7342fd415032e3a6aa",
                    "passes": 0,
                    "fails": 700
                },
                "500 Internal Server Error": {
                    "id": "3cd96245b24e869810efe46d533b0eef",
                    "passes": 0,
                    "fails": 700,
                    "name": "500 Internal Server Error",
                    "path": "::500 Internal Server Error"
                },
                "502 Bad Gateway": {
                    "name": "502 Bad Gateway",
                    "path": "::502 Bad Gateway",
                    "id": "712cb0ec189a11f31f0d6d0c0031b569",
                    "passes": 0,
                    "fails": 700
                },
                "503 Service Unavailable": {
                    "name": "503 Service Unavailable",
                    "path": "::503 Service Unavailable",
                    "id": "f1ea1a22be0dc738c385523a66ea1cd9",
                    "passes": 0,
                    "fails": 700
                },
                "504 Gateway Timeout": {
                    "passes": 0,
                    "fails": 700,
                    "name": "504 Gateway Timeout",
                    "path": "::504 Gateway Timeout",
                    "id": "218efb729cb654723ccd57c6ebbebe29"
                }
            },
        "name": "",
        "path": ""
    }
}