{
    "metrics": {
        "checks": {
            "passes": 300,
            "fails": 3300,
            "value": 0.08333333333333333
        },
        "http_req_duration": {
            "max": 121.1338,
            "p(90)": 93.49024000000001,
            "p(95)": 105.41136500000002,
            "avg": 53.97097466666667,
            "min": 15.5317,
            "med": 47.4488
        },
        "vus": {
            "value": 300,
            "min": 300,
            "max": 300
        },
        "http_req_waiting": {
            "p(90)": 93.3569,
            "p(95)": 102.37805499999999,
            "avg": 51.824266666666674,
            "min": 14.5169,
            "med": 44.44285,
            "max": 121.1338
        },
        "data_sent": {
            "count": 164400,
            "rate": 133107.87040766713
        },
        "iteration_duration": {
            "min": 1051.3507,
            "med": 1114.8009000000002,
            "max": 1192.9492,
            "p(90)": 1150.53532,
            "p(95)": 1161.043545,
            "avg": 1114.6949720000002
        },
        "http_req_duration{expected_response:true}": {
            "avg": 53.97097466666667,
            "min": 15.5317,
            "med": 47.4488,
            "max": 121.1338,
            "p(90)": 93.49024000000001,
            "p(95)": 105.41136500000002
        },
        "http_req_sending": {
            "med": 1.43335,
            "max": 19.4843,
            "p(90)": 4.455360000000013,
            "p(95)": 6.07792,
            "avg": 2.029662666666668,
            "min": 0
        },
        "http_req_receiving": {
            "avg": 0.11704533333333332,
            "min": 0,
            "med": 0,
            "max": 1.082,
            "p(90)": 0.5707400000000007,
            "p(95)": 0.9117450000000002
        },
        "http_req_tls_handshaking": {
            "min": 5.4567,
            "med": 33.294349999999994,
            "max": 62.2941,
            "p(90)": 51.33424,
            "p(95)": 53.743895,
            "avg": 33.85531766666667
        },
        "iterations": {
            "count": 300,
            "rate": 242.89757373661888
        },
        "http_req_failed": {
            "passes": 0,
            "fails": 300,
            "value": 0
        },
        "http_reqs": {
            "rate": 242.89757373661888,
            "count": 300
        },
        "http_req_connecting": {
            "avg": 25.07799499999999,
            "min": 4.0451,
            "med": 24.2153,
            "max": 54.4537,
            "p(90)": 39.41977,
            "p(95)": 41.55165000000002
        },
        "data_received": {
            "rate": 1015311.8582190669,
            "count": 1254000
        },
        "vus_max": {
            "value": 300,
            "min": 300,
            "max": 300
        },
        "http_req_blocked": {
            "min": 19.1552,
            "med": 64.7245,
            "max": 90.8065,
            "p(90)": 77.1434,
            "p(95)": 81.148485,
            "avg": 59.41712999999997
        }
    },
    "root_group": {
        "checks": {
            "200 OK": {
                "name": "200 OK",
                "path": "::200 OK",
                "id": "e9654c443eff553da9e69eda7007924e",
                "passes": 300,
                "fails": 0
            },
            "201 Created": {
                "fails": 300,
                "name": "201 Created",
                "path": "::201 Created",
                "id": "728dcd977aae263ca314731145e1d447",
                "passes": 0
            },
            "204 No Content": {
                "name": "204 No Content",
                "path": "::204 No Content",
                "id": "54fa3c2eda34e1622fda2da5e0479fc5",
                "passes": 0,
                "fails": 300
            },
            "400 Bad Request": {
                "path": "::400 Bad Request",
                "id": "eeae81934b9b58bccaf0184a6d070338",
                "passes": 0,
                "fails": 300,
                "name": "400 Bad Request"
            },
            "401 Unauthorized": {
                "name": "401 Unauthorized",
                "path": "::401 Unauthorized",
                "id": "6ae9254e6aefe7f0bafe5102fa7e20a5",
                "passes": 0,
                "fails": 300
            },
            "403 Forbidden": {
                "name": "403 Forbidden",
                "path": "::403 Forbidden",
                "id": "655548b761742c5a7ad15aa7df3a5d9c",
                "passes": 0,
                "fails": 300
            },
            "404 Not Found": {
                "passes": 0,
                "fails": 300,
                "name": "404 Not Found",
                "path": "::404 Not Found",
                "id": "df1528f9925ca236bac51008f77b774a"
            },
            "429 Too Many Requests": {
                "fails": 300,
                "name": "429 Too Many Requests",
                "path": "::429 Too Many Requests",
                "id": "b810c35b9499cc7342fd415032e3a6aa",
                "passes": 0
            },
            "500 Internal Server Error": {
                "name": "500 Internal Server Error",
                "path": "::500 Internal Server Error",
                "id": "3cd96245b24e869810efe46d533b0eef",
                "passes": 0,
                "fails": 300
            },
            "502 Bad Gateway": {
                "fails": 300,
                "name": "502 Bad Gateway",
                "path": "::502 Bad Gateway",
                "id": "712cb0ec189a11f31f0d6d0c0031b569",
                "passes": 0
            },
            "503 Service Unavailable": {
                "path": "::503 Service Unavailable",
                "id": "f1ea1a22be0dc738c385523a66ea1cd9",
                "passes": 0,
                "fails": 300,
                "name": "503 Service Unavailable"
            },
            "504 Gateway Timeout": {
                "name": "504 Gateway Timeout",
                "path": "::504 Gateway Timeout",
                "id": "218efb729cb654723ccd57c6ebbebe29",
                "passes": 0,
                "fails": 300
            }
        },
        "name": "",
        "path": "",
        "id": "d41d8cd98f00b204e9800998ecf8427e",
        "groups": {}
    }
}