{
    "metrics": {
        "data_sent": {
            "count": 493200,
            "rate": 214658.70897410504
        },
        "iteration_duration": {
            "avg": 1335.9660829999996,
            "min": 1100.7572,
            "med": 1271.1668,
            "max": 2239.2086,
            "p(90)": 2158.5026599999997,
            "p(95)": 2191.7830750000003
        },
        "http_req_sending": {
            "avg": 1.2483874444444456,
            "min": 0,
            "med": 0.9993,
            "max": 28.0003,
            "p(90)": 3.00091,
            "p(95)": 4.0009049999999995
        },
        "vus_max": {
            "min": 900,
            "max": 900,
            "value": 900
        },
        "data_received": {
            "count": 3762000,
            "rate": 1637360.2253864217
        },
        "http_req_blocked": {
            "min": 45.538,
            "med": 113.78479999999999,
            "max": 223.211,
            "p(90)": 146.83823,
            "p(95)": 150.55047,
            "avg": 113.16649311111121
        },
        "http_req_connecting": {
            "min": 9.2261,
            "med": 30.548099999999998,
            "max": 58.6648,
            "p(90)": 40.762299999999996,
            "p(95)": 42.663124999999994,
            "avg": 32.184335666666655
        },
        "http_req_duration": {
            "p(95)": 1056.1419799999999,
            "avg": 222.04066866666656,
            "min": 24.0021,
            "med": 150.41525000000001,
            "max": 1109.4755,
            "p(90)": 1016.56032
        },
        "http_req_duration{expected_response:true}": {
            "avg": 222.04066866666656,
            "min": 24.0021,
            "med": 150.41525000000001,
            "max": 1109.4755,
            "p(90)": 1016.56032,
            "p(95)": 1056.1419799999999
        },
        "iterations": {
            "count": 900,
            "rate": 391.71297258048367
        },
        "http_reqs": {
            "count": 900,
            "rate": 391.71297258048367
        },
        "http_req_waiting": {
            "max": 1107.4763,
            "p(90)": 1016.55082,
            "p(95)": 1055.0932449999998,
            "avg": 220.70412566666673,
            "min": 22.0034,
            "med": 149.58730000000003
        },
        "http_req_receiving": {
            "avg": 0.08815555555555545,
            "min": 0,
            "med": 0,
            "max": 1.0759,
            "p(90)": 0.50223,
            "p(95)": 0.5932349999999994
        },
        "http_req_failed": {
            "passes": 0,
            "fails": 900,
            "value": 0
        },
        "vus": {
            "value": 309,
            "min": 309,
            "max": 900
        },
        "http_req_tls_handshaking": {
            "avg": 80.53940566666668,
            "min": 31.1856,
            "med": 82.6639,
            "max": 128.0032,
            "p(90)": 110.65551,
            "p(95)": 114.46285499999999
        },
        "checks": {
            "passes": 900,
            "fails": 9900,
            "value": 0.08333333333333333
        }
    },
    "root_group": {
        "path": "",
        "id": "d41d8cd98f00b204e9800998ecf8427e",
        "groups": {},
        "checks": {
                "200 OK": {
                    "path": "::200 OK",
                    "id": "e9654c443eff553da9e69eda7007924e",
                    "passes": 900,
                    "fails": 0,
                    "name": "200 OK"
                },
                "201 Created": {
                    "name": "201 Created",
                    "path": "::201 Created",
                    "id": "728dcd977aae263ca314731145e1d447",
                    "passes": 0,
                    "fails": 900
                },
                "204 No Content": {
                    "name": "204 No Content",
                    "path": "::204 No Content",
                    "id": "54fa3c2eda34e1622fda2da5e0479fc5",
                    "passes": 0,
                    "fails": 900
                },
                "400 Bad Request": {
                    "name": "400 Bad Request",
                    "path": "::400 Bad Request",
                    "id": "eeae81934b9b58bccaf0184a6d070338",
                    "passes": 0,
                    "fails": 900
                },
                "401 Unauthorized": {
                    "path": "::401 Unauthorized",
                    "id": "6ae9254e6aefe7f0bafe5102fa7e20a5",
                    "passes": 0,
                    "fails": 900,
                    "name": "401 Unauthorized"
                },
                "403 Forbidden": {
                    "name": "403 Forbidden",
                    "path": "::403 Forbidden",
                    "id": "655548b761742c5a7ad15aa7df3a5d9c",
                    "passes": 0,
                    "fails": 900
                },
                "404 Not Found": {
                    "name": "404 Not Found",
                    "path": "::404 Not Found",
                    "id": "df1528f9925ca236bac51008f77b774a",
                    "passes": 0,
                    "fails": 900
                },
                "429 Too Many Requests": {
                    "name": "429 Too Many Requests",
                    "path": "::429 Too Many Requests",
                    "id": "b810c35b9499cc7342fd415032e3a6aa",
                    "passes": 0,
                    "fails": 900
                },
                "500 Internal Server Error": {
                    "path": "::500 Internal Server Error",
                    "id": "3cd96245b24e869810efe46d533b0eef",
                    "passes": 0,
                    "fails": 900,
                    "name": "500 Internal Server Error"
                },
                "502 Bad Gateway": {
                    "id": "712cb0ec189a11f31f0d6d0c0031b569",
                    "passes": 0,
                    "fails": 900,
                    "name": "502 Bad Gateway",
                    "path": "::502 Bad Gateway"
                },
                "503 Service Unavailable": {
                    "id": "f1ea1a22be0dc738c385523a66ea1cd9",
                    "passes": 0,
                    "fails": 900,
                    "name": "503 Service Unavailable",
                    "path": "::503 Service Unavailable"
                },
                "504 Gateway Timeout": {
                    "id": "218efb729cb654723ccd57c6ebbebe29",
                    "passes": 0,
                    "fails": 900,
                    "name": "504 Gateway Timeout",
                    "path": "::504 Gateway Timeout"
                }
            },
        "name": ""
    }
}