{
    "metrics": {
        "vus": {
            "value": 66,
            "min": 66,
            "max": 1000
        },
        "checks": {
            "passes": 1000,
            "fails": 11000,
            "value": 0.08333333333333333
        },
        "http_req_receiving": {
            "med": 0,
            "max": 3.0033,
            "p(90)": 0.8990900000000002,
            "p(95)": 1.0005199999999999,
            "avg": 0.25539549999999994,
            "min": 0
        },
        "http_req_blocked": {
            "min": 120.9996,
            "med": 237.99984999999998,
            "max": 364.0052,
            "p(90)": 296.00304,
            "p(95)": 309.997795,
            "avg": 239.2122290000001
        },
        "http_req_connecting": {
            "p(90)": 121.99883,
            "p(95)": 124.3854,
            "avg": 104.88352029999994,
            "min": 62.1701,
            "med": 105.0044,
            "max": 129.0021
        },
        "iterations": {
            "count": 1000,
            "rate": 85.83909968930709
        },
        "http_req_tls_handshaking": {
            "avg": 133.35178700000012,
            "min": 33.9981,
            "med": 129.9999,
            "max": 253.0039,
            "p(90)": 194.10135000000002,
            "p(95)": 212.05961999999994
        },
        "http_req_failed": {
            "passes": 162,
            "fails": 838,
            "value": 0.162
        },
        "data_sent": {
            "count": 789888,
            "rate": 67803.2747753874
        },
        "data_received": {
            "count": 4226044,
            "rate": 362759.8122073981
        },
        "http_req_sending": {
            "min": 0,
            "med": 1.9999,
            "max": 101.9967,
            "p(90)": 75.0008,
            "p(95)": 85.9983,
            "avg": 14.83742889999997
        },
        "http_req_duration{expected_response:true}": {
            "avg": 5739.458802386638,
            "min": 730.91,
            "med": 5775.6651,
            "max": 10336.0022,
            "p(90)": 9587.18793,
            "p(95)": 9923.98273
        },
        "http_req_duration": {
            "p(95)": 9870.803429999998,
            "avg": 4819.879261900002,
            "min": 33.9986,
            "med": 4766.51855,
            "max": 10336.0022,
            "p(90)": 9366.80176
        },
        "http_req_waiting": {
            "p(90)": 9365.703220000001,
            "p(95)": 9870.78308,
            "avg": 4804.786437499998,
            "min": 33.9986,
            "med": 4717.0112,
            "max": 10334.966
        },
        "http_reqs": {
            "count": 1000,
            "rate": 85.83909968930709
        },
        "iteration_duration": {
            "min": 1329.3273,
            "med": 5991.25355,
            "max": 11584.2666,
            "p(90)": 10612.004500000001,
            "p(95)": 11132.726499999999,
            "avg": 6059.816809999994
        },
        "vus_max": {
            "max": 1000,
            "value": 1000,
            "min": 1000
        }
    },
    "root_group": {
        "checks": {
            "200 OK": {
                "name": "200 OK",
                "path": "::200 OK",
                "id": "e9654c443eff553da9e69eda7007924e",
                "passes": 838,
                "fails": 162
            },
            "201 Created": {
                "name": "201 Created",
                "path": "::201 Created",
                "id": "728dcd977aae263ca314731145e1d447",
                "passes": 0,
                "fails": 1000
            },
            "204 No Content": {
                "name": "204 No Content",
                "path": "::204 No Content",
                "id": "54fa3c2eda34e1622fda2da5e0479fc5",
                "passes": 0,
                "fails": 1000
            },
            "400 Bad Request": {
                "passes": 0,
                "fails": 1000,
                "name": "400 Bad Request",
                "path": "::400 Bad Request",
                "id": "eeae81934b9b58bccaf0184a6d070338"
            },
            "401 Unauthorized": {
                "name": "401 Unauthorized",
                "path": "::401 Unauthorized",
                "id": "6ae9254e6aefe7f0bafe5102fa7e20a5",
                "passes": 0,
                "fails": 1000
            },
            "403 Forbidden": {
                "name": "403 Forbidden",
                "path": "::403 Forbidden",
                "id": "655548b761742c5a7ad15aa7df3a5d9c",
                "passes": 0,
                "fails": 1000
            },
            "404 Not Found": {
                "name": "404 Not Found",
                "path": "::404 Not Found",
                "id": "df1528f9925ca236bac51008f77b774a",
                "passes": 0,
                "fails": 1000
            },
            "429 Too Many Requests": {
                "name": "429 Too Many Requests",
                "path": "::429 Too Many Requests",
                "id": "b810c35b9499cc7342fd415032e3a6aa",
                "passes": 0,
                "fails": 1000
            },
            "500 Internal Server Error": {
                "name": "500 Internal Server Error",
                "path": "::500 Internal Server Error",
                "id": "3cd96245b24e869810efe46d533b0eef",
                "passes": 162,
                "fails": 838
            },
            "502 Bad Gateway": {
                "name": "502 Bad Gateway",
                "path": "::502 Bad Gateway",
                "id": "712cb0ec189a11f31f0d6d0c0031b569",
                "passes": 0,
                "fails": 1000
            },
            "503 Service Unavailable": {
                "path": "::503 Service Unavailable",
                "id": "f1ea1a22be0dc738c385523a66ea1cd9",
                "passes": 0,
                "fails": 1000,
                "name": "503 Service Unavailable"
            },
            "504 Gateway Timeout": {
                "path": "::504 Gateway Timeout",
                "id": "218efb729cb654723ccd57c6ebbebe29",
                "passes": 0,
                "fails": 1000,
                "name": "504 Gateway Timeout"
            }
        },
        "name": "",
        "path": "",
        "id": "d41d8cd98f00b204e9800998ecf8427e",
        "groups": {}
    }
}