{
    "metrics": {
        "data_sent": {
            "count": 927,
            "rate": 564.6578633236809
        },
        "http_req_duration": {
            "p(90)": 174.2953,
            "p(95)": 174.2953,
            "avg": 174.2953,
            "min": 174.2953,
            "med": 174.2953,
            "max": 174.2953
        },
        "http_req_blocked": {
            "min": 37.0765,
            "med": 37.0765,
            "max": 37.0765,
            "p(90)": 37.0765,
            "p(95)": 37.0765,
            "avg": 37.0765
        },
        "dropped_iterations": {
            "count": 1,
            "rate": 0.609123908655535
        },
        "iterations": {
            "count": 1,
            "rate": 0.609123908655535
        },
        "http_reqs": {
            "count": 1,
            "rate": 0.609123908655535
        },
        "http_req_failed": {
            "passes": 0,
            "fails": 1,
            "value": 0
        },
        "iteration_duration": {
            "avg": 1641.6957,
            "min": 1641.6957,
            "med": 1641.6957,
            "max": 1641.6957,
            "p(90)": 1641.6957,
            "p(95)": 1641.6957
        },
        "vus_max": {
            "value": 1,
            "min": 1,
            "max": 1
        },
        "checks": {
            "passes": 1,
            "fails": 11,
            "value": 0.08333333333333333
        },
        "http_req_sending": {
            "p(95)": 0,
            "avg": 0,
            "min": 0,
            "med": 0,
            "max": 0,
            "p(90)": 0
        },
        "http_req_connecting": {
            "max": 31.3981,
            "p(90)": 31.3981,
            "p(95)": 31.3981,
            "avg": 31.3981,
            "min": 31.3981,
            "med": 31.3981
        },
        "http_req_receiving": {
            "max": 21.0918,
            "p(90)": 21.0918,
            "p(95)": 21.0918,
            "avg": 21.0918,
            "min": 21.0918,
            "med": 21.0918
        },
        "http_req_waiting": {
            "max": 153.2035,
            "p(90)": 153.2035,
            "p(95)": 153.2035,
            "avg": 153.2035,
            "min": 153.2035,
            "med": 153.2035
        },
        "data_received": {
            "count": 512114,
            "rate": 311940.88135722064
        },
        "http_req_duration{expected_response:true}": {
            "max": 174.2953,
            "p(90)": 174.2953,
            "p(95)": 174.2953,
            "avg": 174.2953,
            "min": 174.2953,
            "med": 174.2953
        },
        "http_req_tls_handshaking": {
            "med": 5.6784,
            "max": 5.6784,
            "p(90)": 5.6784,
            "p(95)": 5.6784,
            "avg": 5.6784,
            "min": 5.6784
        },
        "vus": {
            "value": 1,
            "min": 1,
            "max": 1
        }
    },
    "root_group": {
        "checks": {
            "200 OK": {
                "path": "::200 OK",
                "id": "e9654c443eff553da9e69eda7007924e",
                "passes": 1,
                "fails": 0,
                "name": "200 OK"
            },
            "201 Created": {
                "name": "201 Created",
                "path": "::201 Created",
                "id": "728dcd977aae263ca314731145e1d447",
                "passes": 0,
                "fails": 1
            },
            "204 No Content": {
                "path": "::204 No Content",
                "id": "54fa3c2eda34e1622fda2da5e0479fc5",
                "passes": 0,
                "fails": 1,
                "name": "204 No Content"
            },
            "400 Bad Request": {
                "name": "400 Bad Request",
                "path": "::400 Bad Request",
                "id": "eeae81934b9b58bccaf0184a6d070338",
                "passes": 0,
                "fails": 1
            },
            "401 Unauthorized": {
                "id": "6ae9254e6aefe7f0bafe5102fa7e20a5",
                "passes": 0,
                "fails": 1,
                "name": "401 Unauthorized",
                "path": "::401 Unauthorized"
            },
            "403 Forbidden": {
                "passes": 0,
                "fails": 1,
                "name": "403 Forbidden",
                "path": "::403 Forbidden",
                "id": "655548b761742c5a7ad15aa7df3a5d9c"
            },
            "404 Not Found": {
                "passes": 0,
                "fails": 1,
                "name": "404 Not Found",
                "path": "::404 Not Found",
                "id": "df1528f9925ca236bac51008f77b774a"
            },
            "429 Too Many Requests": {
                "name": "429 Too Many Requests",
                "path": "::429 Too Many Requests",
                "id": "b810c35b9499cc7342fd415032e3a6aa",
                "passes": 0,
                "fails": 1
            },
            "500 Internal Server Error": {
                "fails": 1,
                "name": "500 Internal Server Error",
                "path": "::500 Internal Server Error",
                "id": "3cd96245b24e869810efe46d533b0eef",
                "passes": 0
            },
            "502 Bad Gateway": {
                "passes": 0,
                "fails": 1,
                "name": "502 Bad Gateway",
                "path": "::502 Bad Gateway",
                "id": "712cb0ec189a11f31f0d6d0c0031b569"
            },
            "503 Service Unavailable": {
                "name": "503 Service Unavailable",
                "path": "::503 Service Unavailable",
                "id": "f1ea1a22be0dc738c385523a66ea1cd9",
                "passes": 0,
                "fails": 1
            },
            "504 Gateway Timeout": {
                "id": "218efb729cb654723ccd57c6ebbebe29",
                "passes": 0,
                "fails": 1,
                "name": "504 Gateway Timeout",
                "path": "::504 Gateway Timeout"
            }
        },
        "name": "",
        "path": "",
        "id": "d41d8cd98f00b204e9800998ecf8427e",
        "groups": {}
    }
}