{
    "metrics": {
        "data_sent": {
            "count": 529000,
            "rate": 92175.58888614007
        },
        "http_req_connecting": {
            "med": 86.5028,
            "max": 100.9996,
            "p(90)": 94.34308,
            "p(95)": 96.44671999999997,
            "avg": 81.93735290000009,
            "min": 26.4144
        },
        "http_req_failed": {
            "fails": 1000,
            "passes": 0,
            "value": 0
        },
        "iterations": {
            "count": 1000,
            "rate": 174.24496953901715
        },
        "http_req_blocked": {
            "avg": 178.16353160000028,
            "min": 116.4121,
            "med": 170.5619,
            "max": 302.1326,
            "p(90)": 217.63357,
            "p(95)": 249.14921999999999
        },
        "http_req_duration{expected_response:true}": {
            "p(95)": 4449.830239999999,
            "avg": 2087.5772883000022,
            "min": 74.4774,
            "med": 1884.54045,
            "max": 4568.9931,
            "p(90)": 4296.77362
        },
        "vus": {
            "value": 159,
            "min": 159,
            "max": 1000
        },
        "http_req_sending": {
            "max": 11.4255,
            "p(90)": 10.0178,
            "p(95)": 10.4951,
            "avg": 1.2865525000000015,
            "min": 0,
            "med": 0
        },
        "checks": {
            "passes": 1000,
            "fails": 11000,
            "value": 0.08333333333333333
        },
        "iteration_duration": {
            "p(95)": 5662.982245,
            "avg": 3266.4355629999995,
            "min": 1193.6376,
            "med": 3059.2778500000004,
            "max": 5730.7505,
            "p(90)": 5480.52136
        },
        "http_reqs": {
            "count": 1000,
            "rate": 174.24496953901715
        },
        "http_req_tls_handshaking": {
            "p(90)": 121.9487,
            "p(95)": 155.37104,
            "avg": 95.88910240000006,
            "min": 38.9806,
            "med": 96.7245,
            "max": 212.7285
        },
        "data_received": {
            "rate": 907119.3114201233,
            "count": 5206000
        },
        "http_req_waiting": {
            "max": 4568.5721,
            "p(90)": 4296.6946,
            "p(95)": 4444.318805,
            "avg": 2085.8717158000013,
            "min": 64.4567,
            "med": 1884.54045
        },
        "http_req_duration": {
            "p(90)": 4296.77362,
            "p(95)": 4449.830239999999,
            "avg": 2087.5772883000022,
            "min": 74.4774,
            "med": 1884.54045,
            "max": 4568.9931
        },
        "http_req_receiving": {
            "max": 10.7172,
            "p(90)": 0.91338,
            "p(95)": 1.0810049999999967,
            "avg": 0.4190200000000004,
            "min": 0,
            "med": 0.0225
        },
        "vus_max": {
            "value": 1000,
            "min": 1000,
            "max": 1000
        }
    },
    "root_group": {
        "id": "d41d8cd98f00b204e9800998ecf8427e",
        "groups": {},
        "checks": {
                "200 OK": {
                    "name": "200 OK",
                    "path": "::200 OK",
                    "id": "e9654c443eff553da9e69eda7007924e",
                    "passes": 1000,
                    "fails": 0
                },
                "201 Created": {
                    "passes": 0,
                    "fails": 1000,
                    "name": "201 Created",
                    "path": "::201 Created",
                    "id": "728dcd977aae263ca314731145e1d447"
                },
                "204 No Content": {
                    "fails": 1000,
                    "name": "204 No Content",
                    "path": "::204 No Content",
                    "id": "54fa3c2eda34e1622fda2da5e0479fc5",
                    "passes": 0
                },
                "400 Bad Request": {
                    "path": "::400 Bad Request",
                    "id": "eeae81934b9b58bccaf0184a6d070338",
                    "passes": 0,
                    "fails": 1000,
                    "name": "400 Bad Request"
                },
                "401 Unauthorized": {
                    "passes": 0,
                    "fails": 1000,
                    "name": "401 Unauthorized",
                    "path": "::401 Unauthorized",
                    "id": "6ae9254e6aefe7f0bafe5102fa7e20a5"
                },
                "403 Forbidden": {
                    "fails": 1000,
                    "name": "403 Forbidden",
                    "path": "::403 Forbidden",
                    "id": "655548b761742c5a7ad15aa7df3a5d9c",
                    "passes": 0
                },
                "404 Not Found": {
                    "name": "404 Not Found",
                    "path": "::404 Not Found",
                    "id": "df1528f9925ca236bac51008f77b774a",
                    "passes": 0,
                    "fails": 1000
                },
                "429 Too Many Requests": {
                    "name": "429 Too Many Requests",
                    "path": "::429 Too Many Requests",
                    "id": "b810c35b9499cc7342fd415032e3a6aa",
                    "passes": 0,
                    "fails": 1000
                },
                "500 Internal Server Error": {
                    "name": "500 Internal Server Error",
                    "path": "::500 Internal Server Error",
                    "id": "3cd96245b24e869810efe46d533b0eef",
                    "passes": 0,
                    "fails": 1000
                },
                "502 Bad Gateway": {
                    "path": "::502 Bad Gateway",
                    "id": "712cb0ec189a11f31f0d6d0c0031b569",
                    "passes": 0,
                    "fails": 1000,
                    "name": "502 Bad Gateway"
                },
                "503 Service Unavailable": {
                    "name": "503 Service Unavailable",
                    "path": "::503 Service Unavailable",
                    "id": "f1ea1a22be0dc738c385523a66ea1cd9",
                    "passes": 0,
                    "fails": 1000
                },
                "504 Gateway Timeout": {
                    "fails": 1000,
                    "name": "504 Gateway Timeout",
                    "path": "::504 Gateway Timeout",
                    "id": "218efb729cb654723ccd57c6ebbebe29",
                    "passes": 0
                }
            },
        "name": "",
        "path": ""
    }
}