{
    "metrics": {
        "vus": {
            "min": 24,
            "max": 70,
            "value": 24
        },
        "http_req_blocked": {
            "avg": 20.223735714285716,
            "min": 8.7921,
            "med": 18.6463,
            "max": 58.2969,
            "p(90)": 30.57092,
            "p(95)": 33.268775
        },
        "http_req_tls_handshaking": {
            "p(95)": 23.831909999999997,
            "avg": 12.913222857142861,
            "min": 3.4776,
            "med": 11.8823,
            "max": 46.7989,
            "p(90)": 21.16872
        },
        "checks": {
            "passes": 70,
            "fails": 770,
            "value": 0.08333333333333333
        },
        "data_sent": {
            "count": 37940,
            "rate": 2135.0590643212263
        },
        "http_req_waiting": {
            "avg": 12771.735490000001,
            "min": 9263.7835,
            "med": 11352.31355,
            "max": 16732.2138,
            "p(90)": 16583.82669,
            "p(95)": 16673.30236
        },
        "http_req_failed": {
            "passes": 0,
            "fails": 70,
            "value": 0
        },
        "http_req_duration": {
            "max": 16732.2138,
            "p(90)": 16583.82669,
            "p(95)": 16673.30236,
            "avg": 12772.394515714288,
            "min": 9263.7835,
            "med": 11352.31355
        },
        "data_received": {
            "count": 816413,
            "rate": 45943.33094042397
        },
        "vus_max": {
            "value": 70,
            "min": 70,
            "max": 70
        },
        "iteration_duration": {
            "p(95)": 17699.424955,
            "avg": 13793.790577142856,
            "min": 10297.9045,
            "med": 12377.57645,
            "max": 17769.4537,
            "p(90)": 17598.68837
        },
        "http_req_connecting": {
            "min": 2.8179,
            "med": 5.9471,
            "max": 15.0836,
            "p(90)": 11.888770000000001,
            "p(95)": 13.84081,
            "avg": 7.078737142857144
        },
        "http_req_duration{expected_response:true}": {
            "p(95)": 16673.30236,
            "avg": 12772.394515714288,
            "min": 9263.7835,
            "med": 11352.31355,
            "max": 16732.2138,
            "p(90)": 16583.82669
        },
        "http_req_receiving": {
            "avg": 0.5420471428571428,
            "min": 0,
            "med": 0,
            "max": 12.0684,
            "p(90)": 0.09772000000000002,
            "p(95)": 1.0240999999999985
        },
        "http_reqs": {
            "count": 70,
            "rate": 3.9392233659063214
        },
        "http_req_sending": {
            "p(90)": 0.51598,
            "p(95)": 0.5720049999999999,
            "avg": 0.11697857142857142,
            "min": 0,
            "med": 0,
            "max": 2.818
        },
        "iterations": {
            "count": 70,
            "rate": 3.9392233659063214
        }
    },
    "root_group": {
        "path": "",
        "id": "d41d8cd98f00b204e9800998ecf8427e",
        "groups": {},
        "checks": {
                "200 OK": {
                    "fails": 0,
                    "name": "200 OK",
                    "path": "::200 OK",
                    "id": "e9654c443eff553da9e69eda7007924e",
                    "passes": 70
                },
                "201 Created": {
                    "path": "::201 Created",
                    "id": "728dcd977aae263ca314731145e1d447",
                    "passes": 0,
                    "fails": 70,
                    "name": "201 Created"
                },
                "204 No Content": {
                    "name": "204 No Content",
                    "path": "::204 No Content",
                    "id": "54fa3c2eda34e1622fda2da5e0479fc5",
                    "passes": 0,
                    "fails": 70
                },
                "400 Bad Request": {
                    "fails": 70,
                    "name": "400 Bad Request",
                    "path": "::400 Bad Request",
                    "id": "eeae81934b9b58bccaf0184a6d070338",
                    "passes": 0
                },
                "401 Unauthorized": {
                    "name": "401 Unauthorized",
                    "path": "::401 Unauthorized",
                    "id": "6ae9254e6aefe7f0bafe5102fa7e20a5",
                    "passes": 0,
                    "fails": 70
                },
                "403 Forbidden": {
                    "name": "403 Forbidden",
                    "path": "::403 Forbidden",
                    "id": "655548b761742c5a7ad15aa7df3a5d9c",
                    "passes": 0,
                    "fails": 70
                },
                "404 Not Found": {
                    "name": "404 Not Found",
                    "path": "::404 Not Found",
                    "id": "df1528f9925ca236bac51008f77b774a",
                    "passes": 0,
                    "fails": 70
                },
                "429 Too Many Requests": {
                    "name": "429 Too Many Requests",
                    "path": "::429 Too Many Requests",
                    "id": "b810c35b9499cc7342fd415032e3a6aa",
                    "passes": 0,
                    "fails": 70
                },
                "500 Internal Server Error": {
                    "name": "500 Internal Server Error",
                    "path": "::500 Internal Server Error",
                    "id": "3cd96245b24e869810efe46d533b0eef",
                    "passes": 0,
                    "fails": 70
                },
                "502 Bad Gateway": {
                    "passes": 0,
                    "fails": 70,
                    "name": "502 Bad Gateway",
                    "path": "::502 Bad Gateway",
                    "id": "712cb0ec189a11f31f0d6d0c0031b569"
                },
                "503 Service Unavailable": {
                    "name": "503 Service Unavailable",
                    "path": "::503 Service Unavailable",
                    "id": "f1ea1a22be0dc738c385523a66ea1cd9",
                    "passes": 0,
                    "fails": 70
                },
                "504 Gateway Timeout": {
                    "path": "::504 Gateway Timeout",
                    "id": "218efb729cb654723ccd57c6ebbebe29",
                    "passes": 0,
                    "fails": 70,
                    "name": "504 Gateway Timeout"
                }
            },
        "name": ""
    }
}