{
    "metrics": {
        "vus": {
            "value": 28,
            "min": 28,
            "max": 1000
        },
        "http_req_waiting": {
            "p(90)": 28073.1944,
            "p(95)": 28565.473039999997,
            "avg": 18906.552529499986,
            "min": 6664.7893,
            "med": 19620.4481,
            "max": 30016.141
        },
        "http_req_receiving": {
            "p(90)": 0.04335000000000001,
            "p(95)": 0.533055,
            "avg": 0.20224959999999992,
            "min": 0,
            "med": 0,
            "max": 22.1592
        },
        "http_req_duration": {
            "med": 19620.4481,
            "max": 30019.1391,
            "p(90)": 28073.1944,
            "p(95)": 28565.523029999997,
            "avg": 18907.437023299997,
            "min": 6665.7872
        },
        "http_req_tls_handshaking": {
            "p(90)": 193.43401000000003,
            "p(95)": 226.09111499999997,
            "avg": 102.13350050000001,
            "min": 21.4728,
            "med": 90.2734,
            "max": 257.9166
        },
        "data_sent": {
            "count": 565000,
            "rate": 18149.7649085044
        },
        "iteration_duration": {
            "avg": 20046.95286040002,
            "min": 7737.6636,
            "med": 20807.15885,
            "max": 31121.7566,
            "p(90)": 29291.186739999997,
            "p(95)": 29752.53316
        },
        "http_req_failed": {
            "passes": 0,
            "fails": 1000,
            "value": 0
        },
        "iterations": {
            "rate": 32.12347771416708,
            "count": 1000
        },
        "http_req_duration{expected_response:true}": {
            "p(95)": 28565.523029999997,
            "avg": 18907.437023299997,
            "min": 6665.7872,
            "med": 19620.4481,
            "max": 30019.1391,
            "p(90)": 28073.1944
        },
        "http_req_connecting": {
            "avg": 36.05570669999991,
            "min": 5.0002,
            "med": 37.0011,
            "max": 55.0006,
            "p(90)": 51.0017,
            "p(95)": 53.0002
        },
        "http_req_blocked": {
            "med": 116.35855000000001,
            "max": 294.8558,
            "p(90)": 231.53786000000002,
            "p(95)": 258.93057500000003,
            "avg": 138.58166920000008,
            "min": 59.4669
        },
        "checks": {
            "passes": 1000,
            "fails": 11000,
            "value": 0.08333333333333333
        },
        "data_received": {
            "count": 12715000,
            "rate": 408450.0191356344
        },
        "http_reqs": {
            "count": 1000,
            "rate": 32.12347771416708
        },
        "http_req_sending": {
            "avg": 0.6822442,
            "min": 0,
            "med": 0,
            "max": 20.0007,
            "p(90)": 2.0002,
            "p(95)": 4.041514999999966
        },
        "vus_max": {
            "value": 1000,
            "min": 1000,
            "max": 1000
        }
    },
    "root_group": {
        "name": "",
        "path": "",
        "id": "d41d8cd98f00b204e9800998ecf8427e",
        "groups": {},
        "checks": {
                "200 OK": {
                    "passes": 1000,
                    "fails": 0,
                    "name": "200 OK",
                    "path": "::200 OK",
                    "id": "e9654c443eff553da9e69eda7007924e"
                },
                "201 Created": {
                    "name": "201 Created",
                    "path": "::201 Created",
                    "id": "728dcd977aae263ca314731145e1d447",
                    "passes": 0,
                    "fails": 1000
                },
                "204 No Content": {
                    "name": "204 No Content",
                    "path": "::204 No Content",
                    "id": "54fa3c2eda34e1622fda2da5e0479fc5",
                    "passes": 0,
                    "fails": 1000
                },
                "400 Bad Request": {
                    "path": "::400 Bad Request",
                    "id": "eeae81934b9b58bccaf0184a6d070338",
                    "passes": 0,
                    "fails": 1000,
                    "name": "400 Bad Request"
                },
                "401 Unauthorized": {
                    "name": "401 Unauthorized",
                    "path": "::401 Unauthorized",
                    "id": "6ae9254e6aefe7f0bafe5102fa7e20a5",
                    "passes": 0,
                    "fails": 1000
                },
                "403 Forbidden": {
                    "name": "403 Forbidden",
                    "path": "::403 Forbidden",
                    "id": "655548b761742c5a7ad15aa7df3a5d9c",
                    "passes": 0,
                    "fails": 1000
                },
                "404 Not Found": {
                    "path": "::404 Not Found",
                    "id": "df1528f9925ca236bac51008f77b774a",
                    "passes": 0,
                    "fails": 1000,
                    "name": "404 Not Found"
                },
                "429 Too Many Requests": {
                    "name": "429 Too Many Requests",
                    "path": "::429 Too Many Requests",
                    "id": "b810c35b9499cc7342fd415032e3a6aa",
                    "passes": 0,
                    "fails": 1000
                },
                "500 Internal Server Error": {
                    "name": "500 Internal Server Error",
                    "path": "::500 Internal Server Error",
                    "id": "3cd96245b24e869810efe46d533b0eef",
                    "passes": 0,
                    "fails": 1000
                },
                "502 Bad Gateway": {
                    "passes": 0,
                    "fails": 1000,
                    "name": "502 Bad Gateway",
                    "path": "::502 Bad Gateway",
                    "id": "712cb0ec189a11f31f0d6d0c0031b569"
                },
                "503 Service Unavailable": {
                    "path": "::503 Service Unavailable",
                    "id": "f1ea1a22be0dc738c385523a66ea1cd9",
                    "passes": 0,
                    "fails": 1000,
                    "name": "503 Service Unavailable"
                },
                "504 Gateway Timeout": {
                    "id": "218efb729cb654723ccd57c6ebbebe29",
                    "passes": 0,
                    "fails": 1000,
                    "name": "504 Gateway Timeout",
                    "path": "::504 Gateway Timeout"
                }
            }
    }
}