{
    "metrics": {
        "vus_max": {
            "value": 30,
            "min": 30,
            "max": 30
        },
        "http_req_connecting": {
            "min": 2.997,
            "med": 3.9972,
            "max": 4.9987,
            "p(90)": 4.9987,
            "p(95)": 4.9987,
            "avg": 3.9976333333333347
        },
        "http_req_receiving": {
            "min": 0,
            "med": 0,
            "max": 0,
            "p(90)": 0,
            "p(95)": 0,
            "avg": 0
        },
        "data_received": {
            "count": 128766,
            "rate": 2109.137606005577
        },
        "http_reqs": {
            "count": 30,
            "rate": 0.49138847351138737
        },
        "http_req_duration": {
            "p(95)": 59996.246665,
            "avg": 59971.111610000014,
            "min": 59348.2464,
            "med": 59991.97005,
            "max": 59996.9578,
            "p(90)": 59995.9649
        },
        "http_req_tls_handshaking": {
            "min": 4.0058,
            "med": 6.50005,
            "max": 11.9998,
            "p(90)": 10.00004,
            "p(95)": 10.555629999999997,
            "avg": 6.935656666666666
        },
        "http_req_blocked": {
            "med": 9.9989,
            "max": 14.9968,
            "p(90)": 14.0115,
            "p(95)": 14.553414999999998,
            "avg": 10.999846666666672,
            "min": 8.003
        },
        "http_req_waiting": {
            "p(95)": 59995.9649,
            "avg": 59970.94600000001,
            "min": 59348.2464,
            "med": 59991.89245,
            "max": 59996.4772,
            "p(90)": 59995.9649
        },
        "vus": {
            "min": 29,
            "max": 30,
            "value": 29
        },
        "checks": {
            "passes": 1,
            "fails": 359,
            "value": 0.002777777777777778
        },
        "http_req_sending": {
            "avg": 0.16561,
            "min": 0,
            "med": 0,
            "max": 1.0109,
            "p(90)": 0.98651,
            "p(95)": 0.9929
        },
        "iterations": {
            "count": 30,
            "rate": 0.49138847351138737
        },
        "data_sent": {
            "count": 16896,
            "rate": 276.74998828161335
        },
        "http_req_failed": {
            "passes": 29,
            "fails": 1,
            "value": 0.9666666666666667
        },
        "iteration_duration": {
            "max": 61025.7144,
            "p(90)": 61024.26665,
            "p(95)": 61025.168,
            "avg": 60996.07169666667,
            "min": 60357.1309,
            "med": 61017.68325
        },
        "http_req_duration{expected_response:true}": {
            "p(90)": 59348.2464,
            "p(95)": 59348.2464,
            "avg": 59348.2464,
            "min": 59348.2464,
            "med": 59348.2464,
            "max": 59348.2464
        }
    },
    "root_group": {
        "path": "",
        "id": "d41d8cd98f00b204e9800998ecf8427e",
        "groups": {},
        "checks": {
                "200 OK": {
                    "fails": 29,
                    "name": "200 OK",
                    "path": "::200 OK",
                    "id": "e9654c443eff553da9e69eda7007924e",
                    "passes": 1
                },
                "201 Created": {
                    "fails": 30,
                    "name": "201 Created",
                    "path": "::201 Created",
                    "id": "728dcd977aae263ca314731145e1d447",
                    "passes": 0
                },
                "204 No Content": {
                    "fails": 30,
                    "name": "204 No Content",
                    "path": "::204 No Content",
                    "id": "54fa3c2eda34e1622fda2da5e0479fc5",
                    "passes": 0
                },
                "400 Bad Request": {
                    "name": "400 Bad Request",
                    "path": "::400 Bad Request",
                    "id": "eeae81934b9b58bccaf0184a6d070338",
                    "passes": 0,
                    "fails": 30
                },
                "401 Unauthorized": {
                    "name": "401 Unauthorized",
                    "path": "::401 Unauthorized",
                    "id": "6ae9254e6aefe7f0bafe5102fa7e20a5",
                    "passes": 0,
                    "fails": 30
                },
                "403 Forbidden": {
                    "name": "403 Forbidden",
                    "path": "::403 Forbidden",
                    "id": "655548b761742c5a7ad15aa7df3a5d9c",
                    "passes": 0,
                    "fails": 30
                },
                "404 Not Found": {
                    "name": "404 Not Found",
                    "path": "::404 Not Found",
                    "id": "df1528f9925ca236bac51008f77b774a",
                    "passes": 0,
                    "fails": 30
                },
                "429 Too Many Requests": {
                    "id": "b810c35b9499cc7342fd415032e3a6aa",
                    "passes": 0,
                    "fails": 30,
                    "name": "429 Too Many Requests",
                    "path": "::429 Too Many Requests"
                },
                "500 Internal Server Error": {
                    "name": "500 Internal Server Error",
                    "path": "::500 Internal Server Error",
                    "id": "3cd96245b24e869810efe46d533b0eef",
                    "passes": 0,
                    "fails": 30
                },
                "502 Bad Gateway": {
                    "name": "502 Bad Gateway",
                    "path": "::502 Bad Gateway",
                    "id": "712cb0ec189a11f31f0d6d0c0031b569",
                    "passes": 0,
                    "fails": 30
                },
                "503 Service Unavailable": {
                    "name": "503 Service Unavailable",
                    "path": "::503 Service Unavailable",
                    "id": "f1ea1a22be0dc738c385523a66ea1cd9",
                    "passes": 0,
                    "fails": 30
                },
                "504 Gateway Timeout": {
                    "name": "504 Gateway Timeout",
                    "path": "::504 Gateway Timeout",
                    "id": "218efb729cb654723ccd57c6ebbebe29",
                    "passes": 0,
                    "fails": 30
                }
            },
        "name": ""
    }
}