{
    "metrics": {
        "checks": {
            "passes": 100,
            "fails": 1100,
            "value": 0.08333333333333333
        },
        "data_sent": {
            "count": 54200,
            "rate": 4263.210322122587
        },
        "http_req_receiving": {
            "med": 0,
            "max": 0.8064,
            "p(90)": 0.030950000000000023,
            "p(95)": 0.2805299999999993,
            "avg": 0.037298,
            "min": 0
        },
        "http_req_blocked": {
            "avg": 29.832033999999993,
            "min": 9.976,
            "med": 22.6873,
            "max": 65.9661,
            "p(90)": 54.2638,
            "p(95)": 55.6397
        },
        "vus_max": {
            "value": 100,
            "min": 100,
            "max": 100
        },
        "vus": {
            "value": 25,
            "min": 25,
            "max": 100
        },
        "data_received": {
            "count": 810571,
            "rate": 63757.09693751342
        },
        "http_req_sending": {
            "p(90)": 4,
            "p(95)": 5.401,
            "avg": 1.1668809999999998,
            "min": 0,
            "med": 0,
            "max": 5.401
        },
        "iteration_duration": {
            "avg": 6214.711851999999,
            "min": 1013.1242,
            "med": 6224.4213500000005,
            "max": 12677.0129,
            "p(90)": 12415.84936,
            "p(95)": 12546.243275
        },
        "iterations": {
            "count": 100,
            "rate": 7.865701701333187
        },
        "http_req_failed": {
            "passes": 48,
            "fails": 52,
            "value": 0.48
        },
        "http_req_duration{expected_response:true}": {
            "min": 5038.4522,
            "med": 10829.5453,
            "max": 11638.0296,
            "p(90)": 11521.22486,
            "p(95)": 11581.418585,
            "avg": 9962.298663461539
        },
        "http_reqs": {
            "rate": 7.865701701333187,
            "count": 100
        },
        "http_req_waiting": {
            "avg": 5182.280268000001,
            "min": 0.5151,
            "med": 5190.374449999999,
            "max": 11638.0296,
            "p(90)": 11394.576490000001,
            "p(95)": 11522.779945
        },
        "http_req_tls_handshaking": {
            "avg": 12.332686,
            "min": 3.85,
            "med": 12.04925,
            "max": 32.1441,
            "p(90)": 19.0837,
            "p(95)": 20.4845
        },
        "http_req_duration": {
            "max": 11638.0296,
            "p(90)": 11395.06508,
            "p(95)": 11523.30488,
            "avg": 5183.484447000001,
            "min": 0.5151,
            "med": 5190.374449999999
        },
        "http_req_connecting": {
            "avg": 16.376147999999997,
            "min": 0,
            "med": 10.283650000000002,
            "max": 37.5578,
            "p(90)": 34.8398,
            "p(95)": 35.7096
        }
    },
    "root_group": {
        "path": "",
        "id": "d41d8cd98f00b204e9800998ecf8427e",
        "groups": {},
        "checks": {
                "200 OK": {
                    "id": "e9654c443eff553da9e69eda7007924e",
                    "passes": 52,
                    "fails": 48,
                    "name": "200 OK",
                    "path": "::200 OK"
                },
                "201 Created": {
                    "name": "201 Created",
                    "path": "::201 Created",
                    "id": "728dcd977aae263ca314731145e1d447",
                    "passes": 0,
                    "fails": 100
                },
                "204 No Content": {
                    "name": "204 No Content",
                    "path": "::204 No Content",
                    "id": "54fa3c2eda34e1622fda2da5e0479fc5",
                    "passes": 0,
                    "fails": 100
                },
                "400 Bad Request": {
                    "fails": 100,
                    "name": "400 Bad Request",
                    "path": "::400 Bad Request",
                    "id": "eeae81934b9b58bccaf0184a6d070338",
                    "passes": 0
                },
                "401 Unauthorized": {
                    "name": "401 Unauthorized",
                    "path": "::401 Unauthorized",
                    "id": "6ae9254e6aefe7f0bafe5102fa7e20a5",
                    "passes": 0,
                    "fails": 100
                },
                "403 Forbidden": {
                    "passes": 0,
                    "fails": 100,
                    "name": "403 Forbidden",
                    "path": "::403 Forbidden",
                    "id": "655548b761742c5a7ad15aa7df3a5d9c"
                },
                "404 Not Found": {
                    "name": "404 Not Found",
                    "path": "::404 Not Found",
                    "id": "df1528f9925ca236bac51008f77b774a",
                    "passes": 0,
                    "fails": 100
                },
                "429 Too Many Requests": {
                    "passes": 0,
                    "fails": 100,
                    "name": "429 Too Many Requests",
                    "path": "::429 Too Many Requests",
                    "id": "b810c35b9499cc7342fd415032e3a6aa"
                },
                "500 Internal Server Error": {
                    "id": "3cd96245b24e869810efe46d533b0eef",
                    "passes": 0,
                    "fails": 100,
                    "name": "500 Internal Server Error",
                    "path": "::500 Internal Server Error"
                },
                "502 Bad Gateway": {
                    "id": "712cb0ec189a11f31f0d6d0c0031b569",
                    "passes": 48,
                    "fails": 52,
                    "name": "502 Bad Gateway",
                    "path": "::502 Bad Gateway"
                },
                "503 Service Unavailable": {
                    "name": "503 Service Unavailable",
                    "path": "::503 Service Unavailable",
                    "id": "f1ea1a22be0dc738c385523a66ea1cd9",
                    "passes": 0,
                    "fails": 100
                },
                "504 Gateway Timeout": {
                    "name": "504 Gateway Timeout",
                    "path": "::504 Gateway Timeout",
                    "id": "218efb729cb654723ccd57c6ebbebe29",
                    "passes": 0,
                    "fails": 100
                }
            },
        "name": ""
    }
}