{
    "metrics": {
        "vus_max": {
            "value": 1000,
            "min": 1000,
            "max": 1000
        },
        "checks": {
            "passes": 1000,
            "fails": 11000,
            "value": 0.08333333333333333
        },
        "iteration_duration": {
            "p(90)": 6405.26718,
            "p(95)": 6782.5973699999995,
            "avg": 4151.296288800003,
            "min": 1662.0753,
            "med": 4155.2698,
            "max": 7106.9447
        },
        "http_req_duration{expected_response:true}": {
            "max": 5892.1272,
            "p(90)": 5177.73692,
            "p(95)": 5573.583284999999,
            "avg": 3015.339077700001,
            "min": 594.4524,
            "med": 3007.2650000000003
        },
        "http_req_connecting": {
            "max": 54.6506,
            "p(90)": 44.77971,
            "p(95)": 48.6363,
            "avg": 38.66896269999999,
            "min": 10.6136,
            "med": 39.2174
        },
        "data_sent": {
            "count": 525000,
            "rate": 73378.4340949917
        },
        "vus": {
            "value": 122,
            "min": 122,
            "max": 1000
        },
        "http_reqs": {
            "count": 1000,
            "rate": 139.76844589522227
        },
        "http_req_failed": {
            "passes": 0,
            "fails": 1000,
            "value": 0
        },
        "http_req_tls_handshaking": {
            "avg": 96.23802230000001,
            "min": 10.6136,
            "med": 82.16045,
            "max": 231.737,
            "p(90)": 186.67201,
            "p(95)": 198.63849499999998
        },
        "http_req_waiting": {
            "med": 3006.7613499999998,
            "max": 5891.8943,
            "p(90)": 5177.71468,
            "p(95)": 5573.314055,
            "avg": 3014.338591400001,
            "min": 594.4524
        },
        "data_received": {
            "rate": 810517.217746394,
            "count": 5799000
        },
        "http_req_duration": {
            "p(95)": 5573.583284999999,
            "avg": 3015.339077700001,
            "min": 594.4524,
            "med": 3007.2650000000003,
            "max": 5892.1272,
            "p(90)": 5177.73692
        },
        "http_req_blocked": {
            "avg": 135.1944796,
            "min": 49.831,
            "med": 119.86265,
            "max": 255.0754,
            "p(90)": 224.8535,
            "p(95)": 235.90507499999995
        },
        "iterations": {
            "count": 1000,
            "rate": 139.76844589522227
        },
        "http_req_receiving": {
            "min": 0,
            "med": 0,
            "max": 13.0296,
            "p(90)": 0.9080100000000001,
            "p(95)": 1.821234999999997,
            "avg": 0.4496084000000003
        },
        "http_req_sending": {
            "avg": 0.5508779000000004,
            "min": 0,
            "med": 0,
            "max": 10.7758,
            "p(90)": 0.9923400000000001,
            "p(95)": 1.005705
        }
    },
    "root_group": {
        "groups": {},
        "checks": {
                "200 OK": {
                    "path": "::200 OK",
                    "id": "e9654c443eff553da9e69eda7007924e",
                    "passes": 1000,
                    "fails": 0,
                    "name": "200 OK"
                },
                "201 Created": {
                    "name": "201 Created",
                    "path": "::201 Created",
                    "id": "728dcd977aae263ca314731145e1d447",
                    "passes": 0,
                    "fails": 1000
                },
                "204 No Content": {
                    "fails": 1000,
                    "name": "204 No Content",
                    "path": "::204 No Content",
                    "id": "54fa3c2eda34e1622fda2da5e0479fc5",
                    "passes": 0
                },
                "400 Bad Request": {
                    "name": "400 Bad Request",
                    "path": "::400 Bad Request",
                    "id": "eeae81934b9b58bccaf0184a6d070338",
                    "passes": 0,
                    "fails": 1000
                },
                "401 Unauthorized": {
                    "name": "401 Unauthorized",
                    "path": "::401 Unauthorized",
                    "id": "6ae9254e6aefe7f0bafe5102fa7e20a5",
                    "passes": 0,
                    "fails": 1000
                },
                "403 Forbidden": {
                    "fails": 1000,
                    "name": "403 Forbidden",
                    "path": "::403 Forbidden",
                    "id": "655548b761742c5a7ad15aa7df3a5d9c",
                    "passes": 0
                },
                "404 Not Found": {
                    "passes": 0,
                    "fails": 1000,
                    "name": "404 Not Found",
                    "path": "::404 Not Found",
                    "id": "df1528f9925ca236bac51008f77b774a"
                },
                "429 Too Many Requests": {
                    "id": "b810c35b9499cc7342fd415032e3a6aa",
                    "passes": 0,
                    "fails": 1000,
                    "name": "429 Too Many Requests",
                    "path": "::429 Too Many Requests"
                },
                "500 Internal Server Error": {
                    "name": "500 Internal Server Error",
                    "path": "::500 Internal Server Error",
                    "id": "3cd96245b24e869810efe46d533b0eef",
                    "passes": 0,
                    "fails": 1000
                },
                "502 Bad Gateway": {
                    "name": "502 Bad Gateway",
                    "path": "::502 Bad Gateway",
                    "id": "712cb0ec189a11f31f0d6d0c0031b569",
                    "passes": 0,
                    "fails": 1000
                },
                "503 Service Unavailable": {
                    "path": "::503 Service Unavailable",
                    "id": "f1ea1a22be0dc738c385523a66ea1cd9",
                    "passes": 0,
                    "fails": 1000,
                    "name": "503 Service Unavailable"
                },
                "504 Gateway Timeout": {
                    "fails": 1000,
                    "name": "504 Gateway Timeout",
                    "path": "::504 Gateway Timeout",
                    "id": "218efb729cb654723ccd57c6ebbebe29",
                    "passes": 0
                }
            },
        "name": "",
        "path": "",
        "id": "d41d8cd98f00b204e9800998ecf8427e"
    }
}