{
    "metrics": {
        "http_req_blocked": {
            "avg": 123.49995790000014,
            "min": 71.9998,
            "med": 115.7564,
            "max": 188.4444,
            "p(90)": 166.40085,
            "p(95)": 182.25999499999998
        },
        "http_req_sending": {
            "p(90)": 2.060000000000011,
            "p(95)": 3.0005,
            "avg": 0.8535765999999995,
            "min": 0,
            "med": 0,
            "max": 9.5164
        },
        "iterations": {
            "count": 1000,
            "rate": 229.71234019515487
        },
        "data_sent": {
            "count": 655000,
            "rate": 150461.58282782644
        },
        "http_req_tls_handshaking": {
            "avg": 78.4809151,
            "min": 31.6251,
            "med": 75.0035,
            "max": 152.0755,
            "p(90)": 118.79370000000002,
            "p(95)": 138.76062999999996
        },
        "http_req_waiting": {
            "med": 1132.05325,
            "max": 3073.2546,
            "p(90)": 1992.46784,
            "p(95)": 2135.6343299999994,
            "avg": 1145.1099133000016,
            "min": 64.9871
        },
        "http_reqs": {
            "count": 1000,
            "rate": 229.71234019515487
        },
        "http_req_connecting": {
            "max": 60.9991,
            "p(90)": 54.0002,
            "p(95)": 55.00022,
            "avg": 44.82411180000005,
            "min": 29.9985,
            "med": 43.9996
        },
        "vus_max": {
            "value": 1000,
            "min": 1000,
            "max": 1000
        },
        "iteration_duration": {
            "min": 1141.4742,
            "med": 2259.9931,
            "max": 4255.8719,
            "p(90)": 3118.51248,
            "p(95)": 3280.66491,
            "avg": 2270.4567194
        },
        "vus": {
            "max": 1000,
            "value": 45,
            "min": 45
        },
        "http_req_duration": {
            "avg": 1146.2371393000005,
            "min": 64.9871,
            "med": 1132.19675,
            "max": 3073.2704,
            "p(90)": 1992.78188,
            "p(95)": 2135.6343299999994
        },
        "http_req_receiving": {
            "avg": 0.2736493999999998,
            "min": 0,
            "med": 0,
            "max": 7.2302,
            "p(90)": 0.8187000000000001,
            "p(95)": 1.0011050000000001
        },
        "http_req_duration{expected_response:true}": {
            "avg": 1146.2371393000005,
            "min": 64.9871,
            "med": 1132.19675,
            "max": 3073.2704,
            "p(90)": 1992.78188,
            "p(95)": 2135.6343299999994
        },
        "data_received": {
            "count": 7953000,
            "rate": 1826902.2415720667
        },
        "checks": {
            "fails": 11000,
            "passes": 1000,
            "value": 0.08333333333333333
        },
        "http_req_failed": {
            "fails": 1000,
            "passes": 0,
            "value": 0
        }
    },
    "root_group": {
        "groups": {},
        "checks": {
                "200 OK": {
                    "path": "::200 OK",
                    "id": "e9654c443eff553da9e69eda7007924e",
                    "passes": 1000,
                    "fails": 0,
                    "name": "200 OK"
                },
                "201 Created": {
                    "name": "201 Created",
                    "path": "::201 Created",
                    "id": "728dcd977aae263ca314731145e1d447",
                    "passes": 0,
                    "fails": 1000
                },
                "204 No Content": {
                    "passes": 0,
                    "fails": 1000,
                    "name": "204 No Content",
                    "path": "::204 No Content",
                    "id": "54fa3c2eda34e1622fda2da5e0479fc5"
                },
                "400 Bad Request": {
                    "name": "400 Bad Request",
                    "path": "::400 Bad Request",
                    "id": "eeae81934b9b58bccaf0184a6d070338",
                    "passes": 0,
                    "fails": 1000
                },
                "401 Unauthorized": {
                    "name": "401 Unauthorized",
                    "path": "::401 Unauthorized",
                    "id": "6ae9254e6aefe7f0bafe5102fa7e20a5",
                    "passes": 0,
                    "fails": 1000
                },
                "403 Forbidden": {
                    "name": "403 Forbidden",
                    "path": "::403 Forbidden",
                    "id": "655548b761742c5a7ad15aa7df3a5d9c",
                    "passes": 0,
                    "fails": 1000
                },
                "404 Not Found": {
                    "name": "404 Not Found",
                    "path": "::404 Not Found",
                    "id": "df1528f9925ca236bac51008f77b774a",
                    "passes": 0,
                    "fails": 1000
                },
                "429 Too Many Requests": {
                    "id": "b810c35b9499cc7342fd415032e3a6aa",
                    "passes": 0,
                    "fails": 1000,
                    "name": "429 Too Many Requests",
                    "path": "::429 Too Many Requests"
                },
                "500 Internal Server Error": {
                    "fails": 1000,
                    "name": "500 Internal Server Error",
                    "path": "::500 Internal Server Error",
                    "id": "3cd96245b24e869810efe46d533b0eef",
                    "passes": 0
                },
                "502 Bad Gateway": {
                    "name": "502 Bad Gateway",
                    "path": "::502 Bad Gateway",
                    "id": "712cb0ec189a11f31f0d6d0c0031b569",
                    "passes": 0,
                    "fails": 1000
                },
                "503 Service Unavailable": {
                    "path": "::503 Service Unavailable",
                    "id": "f1ea1a22be0dc738c385523a66ea1cd9",
                    "passes": 0,
                    "fails": 1000,
                    "name": "503 Service Unavailable"
                },
                "504 Gateway Timeout": {
                    "id": "218efb729cb654723ccd57c6ebbebe29",
                    "passes": 0,
                    "fails": 1000,
                    "name": "504 Gateway Timeout",
                    "path": "::504 Gateway Timeout"
                }
            },
        "name": "",
        "path": "",
        "id": "d41d8cd98f00b204e9800998ecf8427e"
    }
}