{
    "metrics": {
        "http_req_failed": {
            "passes": 0,
            "fails": 1200,
            "value": 0
        },
        "checks": {
            "fails": 13200,
            "passes": 1200,
            "value": 0.08333333333333333
        },
        "http_req_duration{expected_response:true}": {
            "min": 174.1005,
            "med": 3746.22765,
            "max": 7816.9605,
            "p(90)": 6659.486580000002,
            "p(95)": 7305.060635,
            "avg": 3868.7293655833314
        },
        "http_req_receiving": {
            "p(95)": 1.000135,
            "avg": 0.21863841666666664,
            "min": 0,
            "med": 0,
            "max": 9.5824,
            "p(90)": 0.6829600000000015
        },
        "data_received": {
            "rate": 1287405.1151073114,
            "count": 11799627
        },
        "http_req_sending": {
            "avg": 1.0282124999999986,
            "min": 0,
            "med": 0,
            "max": 22.9999,
            "p(90)": 2.9992,
            "p(95)": 3.0031
        },
        "iteration_duration": {
            "med": 4930.9436000000005,
            "max": 9097.3949,
            "p(90)": 7836.3952700000045,
            "p(95)": 8560.15301,
            "avg": 5036.340621666668,
            "min": 1321.2341
        },
        "vus_max": {
            "value": 1200,
            "min": 1200,
            "max": 1200
        },
        "http_reqs": {
            "count": 1200,
            "rate": 130.92669269365666
        },
        "iterations": {
            "rate": 130.92669269365666,
            "count": 1200
        },
        "http_req_duration": {
            "min": 174.1005,
            "med": 3746.22765,
            "max": 7816.9605,
            "p(90)": 6659.486580000002,
            "p(95)": 7305.060635,
            "avg": 3868.7293655833314
        },
        "http_req_tls_handshaking": {
            "med": 87.9977,
            "max": 225.6465,
            "p(90)": 171.14557000000008,
            "p(95)": 186.095035,
            "avg": 98.47477116666651,
            "min": 32.9969
        },
        "data_sent": {
            "count": 781200,
            "rate": 85233.27694357048
        },
        "http_req_blocked": {
            "avg": 166.7059722500001,
            "min": 95.4395,
            "med": 161.7433,
            "max": 383.5611,
            "p(90)": 221.71388000000005,
            "p(95)": 257.053815
        },
        "vus": {
            "value": 13,
            "min": 13,
            "max": 1200
        },
        "http_req_waiting": {
            "p(90)": 6658.590180000001,
            "p(95)": 7305.032595,
            "avg": 3867.4825146666644,
            "min": 173.0996,
            "med": 3744.7282,
            "max": 7816.9195
        },
        "http_req_connecting": {
            "avg": 67.49420824999999,
            "min": 29.0002,
            "med": 68.9587,
            "max": 173.9583,
            "p(90)": 84.98191000000001,
            "p(95)": 89.95971
        }
    },
    "root_group": {
        "id": "d41d8cd98f00b204e9800998ecf8427e",
        "groups": {},
        "checks": {
                "200 OK": {
                    "passes": 1200,
                    "fails": 0,
                    "name": "200 OK",
                    "path": "::200 OK",
                    "id": "e9654c443eff553da9e69eda7007924e"
                },
                "201 Created": {
                    "name": "201 Created",
                    "path": "::201 Created",
                    "id": "728dcd977aae263ca314731145e1d447",
                    "passes": 0,
                    "fails": 1200
                },
                "204 No Content": {
                    "name": "204 No Content",
                    "path": "::204 No Content",
                    "id": "54fa3c2eda34e1622fda2da5e0479fc5",
                    "passes": 0,
                    "fails": 1200
                },
                "400 Bad Request": {
                    "name": "400 Bad Request",
                    "path": "::400 Bad Request",
                    "id": "eeae81934b9b58bccaf0184a6d070338",
                    "passes": 0,
                    "fails": 1200
                },
                "401 Unauthorized": {
                    "passes": 0,
                    "fails": 1200,
                    "name": "401 Unauthorized",
                    "path": "::401 Unauthorized",
                    "id": "6ae9254e6aefe7f0bafe5102fa7e20a5"
                },
                "403 Forbidden": {
                    "passes": 0,
                    "fails": 1200,
                    "name": "403 Forbidden",
                    "path": "::403 Forbidden",
                    "id": "655548b761742c5a7ad15aa7df3a5d9c"
                },
                "404 Not Found": {
                    "fails": 1200,
                    "name": "404 Not Found",
                    "path": "::404 Not Found",
                    "id": "df1528f9925ca236bac51008f77b774a",
                    "passes": 0
                },
                "429 Too Many Requests": {
                    "name": "429 Too Many Requests",
                    "path": "::429 Too Many Requests",
                    "id": "b810c35b9499cc7342fd415032e3a6aa",
                    "passes": 0,
                    "fails": 1200
                },
                "500 Internal Server Error": {
                    "id": "3cd96245b24e869810efe46d533b0eef",
                    "passes": 0,
                    "fails": 1200,
                    "name": "500 Internal Server Error",
                    "path": "::500 Internal Server Error"
                },
                "502 Bad Gateway": {
                    "path": "::502 Bad Gateway",
                    "id": "712cb0ec189a11f31f0d6d0c0031b569",
                    "passes": 0,
                    "fails": 1200,
                    "name": "502 Bad Gateway"
                },
                "503 Service Unavailable": {
                    "name": "503 Service Unavailable",
                    "path": "::503 Service Unavailable",
                    "id": "f1ea1a22be0dc738c385523a66ea1cd9",
                    "passes": 0,
                    "fails": 1200
                },
                "504 Gateway Timeout": {
                    "name": "504 Gateway Timeout",
                    "path": "::504 Gateway Timeout",
                    "id": "218efb729cb654723ccd57c6ebbebe29",
                    "passes": 0,
                    "fails": 1200
                }
            },
        "name": "",
        "path": ""
    }
}