{
    "metrics": {
        "http_req_failed": {
            "passes": 738,
            "fails": 562,
            "value": 0.5676923076923077
        },
        "http_req_connecting": {
            "p(90)": 133.89861,
            "p(95)": 135.89627,
            "avg": 123.00138576923075,
            "min": 47.9975,
            "med": 123.9982,
            "max": 142.8964
        },
        "checks": {
            "passes": 1300,
            "fails": 14300,
            "value": 0.08333333333333333
        },
        "data_received": {
            "count": 7626750,
            "rate": 3102521.4151980532
        },
        "iterations": {
            "count": 1300,
            "rate": 528.8330992568879
        },
        "vus_max": {
            "value": 1300,
            "min": 1300,
            "max": 1300
        },
        "vus": {
            "value": 120,
            "min": 120,
            "max": 1300
        },
        "http_req_duration": {
            "min": 56.9131,
            "med": 241.0195,
            "max": 1158.4741,
            "p(90)": 942.8350700000002,
            "p(95)": 1045.81298,
            "avg": 394.03963800000014
        },
        "http_req_duration{expected_response:true}": {
            "min": 56.9131,
            "med": 710.0165,
            "max": 1158.4741,
            "p(90)": 1054.48233,
            "p(95)": 1108.4664249999998,
            "avg": 642.3559288256231
        },
        "http_req_blocked": {
            "max": 488.0662,
            "p(90)": 406.5118300000001,
            "p(95)": 448.54298499999993,
            "avg": 288.28424153846265,
            "min": 134.98,
            "med": 265.38995
        },
        "data_sent": {
            "rate": 353590.82759329077,
            "count": 869212
        },
        "http_req_waiting": {
            "med": 240.0821,
            "max": 1158.4741,
            "p(90)": 940.5704900000001,
            "p(95)": 1045.2940449999999,
            "avg": 393.0187133846154,
            "min": 55.913
        },
        "http_reqs": {
            "count": 1300,
            "rate": 528.8330992568879
        },
        "http_req_tls_handshaking": {
            "avg": 164.74694123076978,
            "min": 25.1869,
            "med": 132.9885,
            "max": 372.1685,
            "p(90)": 288.7604300000001,
            "p(95)": 334.15872
        },
        "iteration_duration": {
            "med": 1608.3018,
            "max": 2424.2319,
            "p(90)": 2177.57222,
            "p(95)": 2287.473485,
            "avg": 1683.0590153846156,
            "min": 1243.2359
        },
        "http_req_sending": {
            "max": 17.1699,
            "p(90)": 0.9986200000000001,
            "p(95)": 7.232,
            "avg": 0.8273888461538461,
            "min": 0,
            "med": 0
        },
        "http_req_receiving": {
            "avg": 0.19353576923076943,
            "min": 0,
            "med": 0,
            "max": 10.9653,
            "p(90)": 0.5978400000000004,
            "p(95)": 0.99806
        }
    },
    "root_group": {
        "path": "",
        "id": "d41d8cd98f00b204e9800998ecf8427e",
        "groups": {},
        "checks": {
                "200 OK": {
                    "name": "200 OK",
                    "path": "::200 OK",
                    "id": "e9654c443eff553da9e69eda7007924e",
                    "passes": 562,
                    "fails": 738
                },
                "201 Created": {
                    "name": "201 Created",
                    "path": "::201 Created",
                    "id": "728dcd977aae263ca314731145e1d447",
                    "passes": 0,
                    "fails": 1300
                },
                "204 No Content": {
                    "path": "::204 No Content",
                    "id": "54fa3c2eda34e1622fda2da5e0479fc5",
                    "passes": 0,
                    "fails": 1300,
                    "name": "204 No Content"
                },
                "400 Bad Request": {
                    "name": "400 Bad Request",
                    "path": "::400 Bad Request",
                    "id": "eeae81934b9b58bccaf0184a6d070338",
                    "passes": 0,
                    "fails": 1300
                },
                "401 Unauthorized": {
                    "path": "::401 Unauthorized",
                    "id": "6ae9254e6aefe7f0bafe5102fa7e20a5",
                    "passes": 0,
                    "fails": 1300,
                    "name": "401 Unauthorized"
                },
                "403 Forbidden": {
                    "fails": 1300,
                    "name": "403 Forbidden",
                    "path": "::403 Forbidden",
                    "id": "655548b761742c5a7ad15aa7df3a5d9c",
                    "passes": 0
                },
                "404 Not Found": {
                    "passes": 0,
                    "fails": 1300,
                    "name": "404 Not Found",
                    "path": "::404 Not Found",
                    "id": "df1528f9925ca236bac51008f77b774a"
                },
                "429 Too Many Requests": {
                    "name": "429 Too Many Requests",
                    "path": "::429 Too Many Requests",
                    "id": "b810c35b9499cc7342fd415032e3a6aa",
                    "passes": 0,
                    "fails": 1300
                },
                "500 Internal Server Error": {
                    "name": "500 Internal Server Error",
                    "path": "::500 Internal Server Error",
                    "id": "3cd96245b24e869810efe46d533b0eef",
                    "passes": 738,
                    "fails": 562
                },
                "502 Bad Gateway": {
                    "name": "502 Bad Gateway",
                    "path": "::502 Bad Gateway",
                    "id": "712cb0ec189a11f31f0d6d0c0031b569",
                    "passes": 0,
                    "fails": 1300
                },
                "503 Service Unavailable": {
                    "passes": 0,
                    "fails": 1300,
                    "name": "503 Service Unavailable",
                    "path": "::503 Service Unavailable",
                    "id": "f1ea1a22be0dc738c385523a66ea1cd9"
                },
                "504 Gateway Timeout": {
                    "fails": 1300,
                    "name": "504 Gateway Timeout",
                    "path": "::504 Gateway Timeout",
                    "id": "218efb729cb654723ccd57c6ebbebe29",
                    "passes": 0
                }
            },
        "name": ""
    }
}