{
    "metrics": {
        "iterations": {
            "count": 1300,
            "rate": 297.34919369534623
        },
        "data_sent": {
            "count": 851500,
            "rate": 194763.7218704518
        },
        "http_reqs": {
            "count": 1300,
            "rate": 297.34919369534623
        },
        "http_req_blocked": {
            "avg": 111.79772669230769,
            "min": 18.0036,
            "med": 102.41085,
            "max": 329.8394,
            "p(90)": 216.4528,
            "p(95)": 234.81276
        },
        "data_received": {
            "count": 10338900,
            "rate": 2364818.1374590886
        },
        "http_req_duration{expected_response:true}": {
            "p(95)": 2305.980795,
            "avg": 1224.735194153847,
            "min": 61.0022,
            "med": 1235.8605,
            "max": 3076.1416,
            "p(90)": 2163.58295
        },
        "vus_max": {
            "value": 1300,
            "min": 1300,
            "max": 1300
        },
        "http_req_duration": {
            "min": 61.0022,
            "med": 1235.8605,
            "max": 3076.1416,
            "p(90)": 2163.58295,
            "p(95)": 2305.980795,
            "avg": 1224.735194153847
        },
        "http_req_sending": {
            "med": 0,
            "max": 8.9989,
            "p(90)": 1.0005,
            "p(95)": 1.9985,
            "avg": 0.27122338461538453,
            "min": 0
        },
        "checks": {
            "passes": 1300,
            "fails": 14300,
            "value": 0.08333333333333333
        },
        "http_req_receiving": {
            "avg": 0.14366292307692327,
            "min": 0,
            "med": 0,
            "max": 3.305,
            "p(90)": 0.5885900000000006,
            "p(95)": 0.8344599999999996
        },
        "http_req_tls_handshaking": {
            "p(95)": 210.8192,
            "avg": 99.98266400000001,
            "min": 6.9981,
            "med": 98.91105,
            "max": 234.3413,
            "p(90)": 188.4507
        },
        "iteration_duration": {
            "avg": 2337.2303321538498,
            "min": 1095.5238,
            "med": 2335.2111,
            "max": 4202.6028,
            "p(90)": 3323.4018,
            "p(95)": 3465.53615
        },
        "vus": {
            "value": 3,
            "min": 3,
            "max": 1300
        },
        "http_req_waiting": {
            "avg": 1224.3203078461536,
            "min": 60.9226,
            "med": 1235.8605,
            "max": 3076.1416,
            "p(90)": 2163.52648,
            "p(95)": 2305.980795
        },
        "http_req_connecting": {
            "avg": 10.668367846153847,
            "min": 0,
            "med": 4,
            "max": 57.0003,
            "p(90)": 27.0013,
            "p(95)": 30.052769999999956
        },
        "http_req_failed": {
            "passes": 0,
            "fails": 1300,
            "value": 0
        }
    },
    "root_group": {
        "groups": {},
        "checks": {
                "200 OK": {
                    "id": "e9654c443eff553da9e69eda7007924e",
                    "passes": 1300,
                    "fails": 0,
                    "name": "200 OK",
                    "path": "::200 OK"
                },
                "201 Created": {
                    "passes": 0,
                    "fails": 1300,
                    "name": "201 Created",
                    "path": "::201 Created",
                    "id": "728dcd977aae263ca314731145e1d447"
                },
                "204 No Content": {
                    "name": "204 No Content",
                    "path": "::204 No Content",
                    "id": "54fa3c2eda34e1622fda2da5e0479fc5",
                    "passes": 0,
                    "fails": 1300
                },
                "400 Bad Request": {
                    "name": "400 Bad Request",
                    "path": "::400 Bad Request",
                    "id": "eeae81934b9b58bccaf0184a6d070338",
                    "passes": 0,
                    "fails": 1300
                },
                "401 Unauthorized": {
                    "name": "401 Unauthorized",
                    "path": "::401 Unauthorized",
                    "id": "6ae9254e6aefe7f0bafe5102fa7e20a5",
                    "passes": 0,
                    "fails": 1300
                },
                "403 Forbidden": {
                    "name": "403 Forbidden",
                    "path": "::403 Forbidden",
                    "id": "655548b761742c5a7ad15aa7df3a5d9c",
                    "passes": 0,
                    "fails": 1300
                },
                "404 Not Found": {
                    "passes": 0,
                    "fails": 1300,
                    "name": "404 Not Found",
                    "path": "::404 Not Found",
                    "id": "df1528f9925ca236bac51008f77b774a"
                },
                "429 Too Many Requests": {
                    "id": "b810c35b9499cc7342fd415032e3a6aa",
                    "passes": 0,
                    "fails": 1300,
                    "name": "429 Too Many Requests",
                    "path": "::429 Too Many Requests"
                },
                "500 Internal Server Error": {
                    "name": "500 Internal Server Error",
                    "path": "::500 Internal Server Error",
                    "id": "3cd96245b24e869810efe46d533b0eef",
                    "passes": 0,
                    "fails": 1300
                },
                "502 Bad Gateway": {
                    "id": "712cb0ec189a11f31f0d6d0c0031b569",
                    "passes": 0,
                    "fails": 1300,
                    "name": "502 Bad Gateway",
                    "path": "::502 Bad Gateway"
                },
                "503 Service Unavailable": {
                    "passes": 0,
                    "fails": 1300,
                    "name": "503 Service Unavailable",
                    "path": "::503 Service Unavailable",
                    "id": "f1ea1a22be0dc738c385523a66ea1cd9"
                },
                "504 Gateway Timeout": {
                    "name": "504 Gateway Timeout",
                    "path": "::504 Gateway Timeout",
                    "id": "218efb729cb654723ccd57c6ebbebe29",
                    "passes": 0,
                    "fails": 1300
                }
            },
        "name": "",
        "path": "",
        "id": "d41d8cd98f00b204e9800998ecf8427e"
    }
}