{
    "metrics": {
        "http_req_tls_handshaking": {
            "max": 141.6726,
            "p(90)": 121.76926000000003,
            "p(95)": 130.72004499999994,
            "avg": 63.435643142857174,
            "min": 10.0004,
            "med": 50.0048
        },
        "http_req_sending": {
            "avg": 0.6014957142857148,
            "min": 0,
            "med": 0,
            "max": 7.0009,
            "p(90)": 2.0006,
            "p(95)": 2.9989049999999997
        },
        "iteration_duration": {
            "max": 10331.8749,
            "p(90)": 9159.78269,
            "p(95)": 9449.58637,
            "avg": 6362.298804285715,
            "min": 1204.115,
            "med": 6356.6623
        },
        "http_req_receiving": {
            "med": 0,
            "max": 15.3938,
            "p(90)": 0.08676000000000003,
            "p(95)": 0.6343649999999963,
            "avg": 0.19205014285714286,
            "min": 0
        },
        "http_req_duration{expected_response:true}": {
            "min": 2297.1679,
            "med": 5487.16195,
            "max": 9254.7022,
            "p(90)": 8083.52315,
            "p(95)": 8367.147525,
            "avg": 5618.295253810977
        },
        "vus": {
            "value": 32,
            "min": 32,
            "max": 700
        },
        "http_req_blocked": {
            "p(90)": 161.67005,
            "p(95)": 169.098975,
            "avg": 93.42357757142858,
            "min": 27.0045,
            "med": 79.02005,
            "max": 181.6721
        },
        "data_received": {
            "rate": 642062.7696763385,
            "count": 6638683
        },
        "iterations": {
            "count": 700,
            "rate": 67.70076817547049
        },
        "http_reqs": {
            "count": 700,
            "rate": 67.70076817547049
        },
        "http_req_duration": {
            "max": 9254.7022,
            "p(90)": 8061.85354,
            "p(95)": 8355.730385,
            "avg": 5267.515141428572,
            "min": 25.9309,
            "med": 5250.49915
        },
        "http_req_failed": {
            "passes": 44,
            "fails": 656,
            "value": 0.06285714285714286
        },
        "data_sent": {
            "count": 456756,
            "rate": 44175.33152679314
        },
        "http_req_connecting": {
            "min": 1.9954,
            "med": 36.0016,
            "max": 46.3472,
            "p(90)": 40.3905,
            "p(95)": 40.9676,
            "avg": 29.681065571428533
        },
        "vus_max": {
            "min": 700,
            "max": 700,
            "value": 700
        },
        "http_req_waiting": {
            "min": 25.9309,
            "med": 5250.49915,
            "max": 9253.7057,
            "p(90)": 8061.80986,
            "p(95)": 8355.68042,
            "avg": 5266.721595571432
        },
        "checks": {
            "passes": 700,
            "fails": 7700,
            "value": 0.08333333333333333
        }
    },
    "root_group": {
        "name": "",
        "path": "",
        "id": "d41d8cd98f00b204e9800998ecf8427e",
        "groups": {},
        "checks": {
                "200 OK": {
                    "passes": 656,
                    "fails": 44,
                    "name": "200 OK",
                    "path": "::200 OK",
                    "id": "e9654c443eff553da9e69eda7007924e"
                },
                "201 Created": {
                    "id": "728dcd977aae263ca314731145e1d447",
                    "passes": 0,
                    "fails": 700,
                    "name": "201 Created",
                    "path": "::201 Created"
                },
                "204 No Content": {
                    "name": "204 No Content",
                    "path": "::204 No Content",
                    "id": "54fa3c2eda34e1622fda2da5e0479fc5",
                    "passes": 0,
                    "fails": 700
                },
                "400 Bad Request": {
                    "passes": 0,
                    "fails": 700,
                    "name": "400 Bad Request",
                    "path": "::400 Bad Request",
                    "id": "eeae81934b9b58bccaf0184a6d070338"
                },
                "401 Unauthorized": {
                    "name": "401 Unauthorized",
                    "path": "::401 Unauthorized",
                    "id": "6ae9254e6aefe7f0bafe5102fa7e20a5",
                    "passes": 0,
                    "fails": 700
                },
                "403 Forbidden": {
                    "name": "403 Forbidden",
                    "path": "::403 Forbidden",
                    "id": "655548b761742c5a7ad15aa7df3a5d9c",
                    "passes": 0,
                    "fails": 700
                },
                "404 Not Found": {
                    "path": "::404 Not Found",
                    "id": "df1528f9925ca236bac51008f77b774a",
                    "passes": 0,
                    "fails": 700,
                    "name": "404 Not Found"
                },
                "429 Too Many Requests": {
                    "passes": 0,
                    "fails": 700,
                    "name": "429 Too Many Requests",
                    "path": "::429 Too Many Requests",
                    "id": "b810c35b9499cc7342fd415032e3a6aa"
                },
                "500 Internal Server Error": {
                    "id": "3cd96245b24e869810efe46d533b0eef",
                    "passes": 44,
                    "fails": 656,
                    "name": "500 Internal Server Error",
                    "path": "::500 Internal Server Error"
                },
                "502 Bad Gateway": {
                    "name": "502 Bad Gateway",
                    "path": "::502 Bad Gateway",
                    "id": "712cb0ec189a11f31f0d6d0c0031b569",
                    "passes": 0,
                    "fails": 700
                },
                "503 Service Unavailable": {
                    "fails": 700,
                    "name": "503 Service Unavailable",
                    "path": "::503 Service Unavailable",
                    "id": "f1ea1a22be0dc738c385523a66ea1cd9",
                    "passes": 0
                },
                "504 Gateway Timeout": {
                    "name": "504 Gateway Timeout",
                    "path": "::504 Gateway Timeout",
                    "id": "218efb729cb654723ccd57c6ebbebe29",
                    "passes": 0,
                    "fails": 700
                }
            }
    }
}