{
    "metrics": {
        "http_req_waiting": {
            "p(95)": 3452.44566,
            "avg": 1832.324980230879,
            "min": 0,
            "med": 1840.1755,
            "max": 3712.9509,
            "p(90)": 3306.3260400000004
        },
        "vus_max": {
            "min": 1400,
            "max": 1400,
            "value": 1400
        },
        "data_sent": {
            "count": 924444,
            "rate": 235625.8624951489
        },
        "http_req_connecting": {
            "p(95)": 39.00502,
            "avg": 20.88115613275609,
            "min": 0,
            "med": 24.0008,
            "max": 47.9996,
            "p(90)": 34.00148
        },
        "iterations": {
            "count": 508,
            "rate": 129.48100495815393
        },
        "http_req_sending": {
            "med": 0,
            "max": 18.7216,
            "p(90)": 2.66490000000002,
            "p(95)": 3.9994,
            "avg": 0.9303653679653678,
            "min": 0
        },
        "iteration_duration": {
            "p(95)": 3680.44996,
            "avg": 2424.74329488189,
            "min": 1119.2006,
            "med": 2412.7134,
            "max": 3861.9342,
            "p(90)": 3559.87579
        },
        "http_req_blocked": {
            "p(95)": 131.0719,
            "avg": 79.46453102453107,
            "min": 0,
            "med": 72.8498,
            "max": 148.6642,
            "p(90)": 125.99912
        },
        "vus": {
            "value": 1038,
            "min": 1038,
            "max": 1400
        },
        "http_req_duration{expected_response:true}": {
            "med": 1890.7756,
            "max": 3712.9509,
            "p(90)": 3310.1655800000003,
            "p(95)": 3452.68343,
            "avg": 1871.1056941089826,
            "min": 96.1032
        },
        "http_req_receiving": {
            "p(90)": 0.033560000000000076,
            "p(95)": 0.5126199999999999,
            "avg": 0.07329668109668111,
            "min": 0,
            "med": 0,
            "max": 10.0866
        },
        "http_reqs": {
            "count": 693,
            "rate": 176.6345205433084
        },
        "http_req_tls_handshaking": {
            "p(90)": 104.33156000000002,
            "p(95)": 122.70233999999998,
            "avg": 58.35214617604612,
            "min": 0,
            "med": 51.792,
            "max": 145.6658
        },
        "checks": {
            "passes": 683,
            "fails": 7633,
            "value": 0.08213083213083214
        },
        "http_req_failed": {
            "passes": 14,
            "fails": 679,
            "value": 0.020202020202020204
        },
        "data_received": {
            "count": 9458316,
            "rate": 2410772.1671098163
        },
        "http_req_duration": {
            "max": 3712.9509,
            "p(90)": 3306.3260400000004,
            "p(95)": 3452.44566,
            "avg": 1833.328642279941,
            "min": 0,
            "med": 1842.1724
        }
    },
    "root_group": {
        "id": "d41d8cd98f00b204e9800998ecf8427e",
        "groups": {},
        "checks": {
                "200 OK": {
                    "passes": 679,
                    "fails": 14,
                    "name": "200 OK",
                    "path": "::200 OK",
                    "id": "e9654c443eff553da9e69eda7007924e"
                },
                "201 Created": {
                    "name": "201 Created",
                    "path": "::201 Created",
                    "id": "728dcd977aae263ca314731145e1d447",
                    "passes": 0,
                    "fails": 693
                },
                "204 No Content": {
                    "name": "204 No Content",
                    "path": "::204 No Content",
                    "id": "54fa3c2eda34e1622fda2da5e0479fc5",
                    "passes": 0,
                    "fails": 693
                },
                "400 Bad Request": {
                    "id": "eeae81934b9b58bccaf0184a6d070338",
                    "passes": 0,
                    "fails": 693,
                    "name": "400 Bad Request",
                    "path": "::400 Bad Request"
                },
                "401 Unauthorized": {
                    "name": "401 Unauthorized",
                    "path": "::401 Unauthorized",
                    "id": "6ae9254e6aefe7f0bafe5102fa7e20a5",
                    "passes": 0,
                    "fails": 693
                },
                "403 Forbidden": {
                    "id": "655548b761742c5a7ad15aa7df3a5d9c",
                    "passes": 0,
                    "fails": 693,
                    "name": "403 Forbidden",
                    "path": "::403 Forbidden"
                },
                "404 Not Found": {
                    "id": "df1528f9925ca236bac51008f77b774a",
                    "passes": 0,
                    "fails": 693,
                    "name": "404 Not Found",
                    "path": "::404 Not Found"
                },
                "429 Too Many Requests": {
                    "name": "429 Too Many Requests",
                    "path": "::429 Too Many Requests",
                    "id": "b810c35b9499cc7342fd415032e3a6aa",
                    "passes": 0,
                    "fails": 693
                },
                "500 Internal Server Error": {
                    "name": "500 Internal Server Error",
                    "path": "::500 Internal Server Error",
                    "id": "3cd96245b24e869810efe46d533b0eef",
                    "passes": 4,
                    "fails": 689
                },
                "502 Bad Gateway": {
                    "id": "712cb0ec189a11f31f0d6d0c0031b569",
                    "passes": 0,
                    "fails": 693,
                    "name": "502 Bad Gateway",
                    "path": "::502 Bad Gateway"
                },
                "503 Service Unavailable": {
                    "path": "::503 Service Unavailable",
                    "id": "f1ea1a22be0dc738c385523a66ea1cd9",
                    "passes": 0,
                    "fails": 693,
                    "name": "503 Service Unavailable"
                },
                "504 Gateway Timeout": {
                    "name": "504 Gateway Timeout",
                    "path": "::504 Gateway Timeout",
                    "id": "218efb729cb654723ccd57c6ebbebe29",
                    "passes": 0,
                    "fails": 693
                }
            },
        "name": "",
        "path": ""
    }
}