{
    "metrics": {
        "vus": {
            "value": 1,
            "min": 1,
            "max": 1
        },
        "http_reqs": {
            "count": 1,
            "rate": 0.03248186435195358
        },
        "http_req_duration{expected_response:true}": {
            "avg": 29755.8804,
            "min": 29755.8804,
            "med": 29755.8804,
            "max": 29755.8804,
            "p(90)": 29755.8804,
            "p(95)": 29755.8804
        },
        "http_req_sending": {
            "avg": 0,
            "min": 0,
            "med": 0,
            "max": 0,
            "p(90)": 0,
            "p(95)": 0
        },
        "http_req_waiting": {
            "max": 29755.8317,
            "p(90)": 29755.8317,
            "p(95)": 29755.8317,
            "avg": 29755.8317,
            "min": 29755.8317,
            "med": 29755.8317
        },
        "data_received": {
            "count": 15695,
            "rate": 509.8028610039114
        },
        "dropped_iterations": {
            "count": 1,
            "rate": 0.03248186435195358
        },
        "iteration_duration": {
            "max": 30786.2835,
            "p(90)": 30786.2835,
            "p(95)": 30786.2835,
            "avg": 30786.2835,
            "min": 30786.2835,
            "med": 30786.2835
        },
        "checks": {
            "passes": 1,
            "fails": 11,
            "value": 0.08333333333333333
        },
        "vus_max": {
            "min": 1,
            "max": 1,
            "value": 1
        },
        "http_req_connecting": {
            "p(95)": 4.9952,
            "avg": 4.9952,
            "min": 4.9952,
            "med": 4.9952,
            "max": 4.9952,
            "p(90)": 4.9952
        },
        "http_req_receiving": {
            "p(90)": 0.0487,
            "p(95)": 0.0487,
            "avg": 0.0487,
            "min": 0.0487,
            "med": 0.0487,
            "max": 0.0487
        },
        "http_req_duration": {
            "max": 29755.8804,
            "p(90)": 29755.8804,
            "p(95)": 29755.8804,
            "avg": 29755.8804,
            "min": 29755.8804,
            "med": 29755.8804
        },
        "http_req_blocked": {
            "avg": 10.0022,
            "min": 10.0022,
            "med": 10.0022,
            "max": 10.0022,
            "p(90)": 10.0022,
            "p(95)": 10.0022
        },
        "http_req_failed": {
            "fails": 1,
            "passes": 0,
            "value": 0
        },
        "http_req_tls_handshaking": {
            "max": 5.007,
            "p(90)": 5.007,
            "p(95)": 5.007,
            "avg": 5.007,
            "min": 5.007,
            "med": 5.007
        },
        "data_sent": {
            "count": 540,
            "rate": 17.54020675005493
        },
        "iterations": {
            "count": 1,
            "rate": 0.03248186435195358
        }
    },
    "root_group": {
        "name": "",
        "path": "",
        "id": "d41d8cd98f00b204e9800998ecf8427e",
        "groups": {},
        "checks": {
                "200 OK": {
                    "name": "200 OK",
                    "path": "::200 OK",
                    "id": "e9654c443eff553da9e69eda7007924e",
                    "passes": 1,
                    "fails": 0
                },
                "201 Created": {
                    "name": "201 Created",
                    "path": "::201 Created",
                    "id": "728dcd977aae263ca314731145e1d447",
                    "passes": 0,
                    "fails": 1
                },
                "204 No Content": {
                    "name": "204 No Content",
                    "path": "::204 No Content",
                    "id": "54fa3c2eda34e1622fda2da5e0479fc5",
                    "passes": 0,
                    "fails": 1
                },
                "400 Bad Request": {
                    "name": "400 Bad Request",
                    "path": "::400 Bad Request",
                    "id": "eeae81934b9b58bccaf0184a6d070338",
                    "passes": 0,
                    "fails": 1
                },
                "401 Unauthorized": {
                    "name": "401 Unauthorized",
                    "path": "::401 Unauthorized",
                    "id": "6ae9254e6aefe7f0bafe5102fa7e20a5",
                    "passes": 0,
                    "fails": 1
                },
                "403 Forbidden": {
                    "fails": 1,
                    "name": "403 Forbidden",
                    "path": "::403 Forbidden",
                    "id": "655548b761742c5a7ad15aa7df3a5d9c",
                    "passes": 0
                },
                "404 Not Found": {
                    "name": "404 Not Found",
                    "path": "::404 Not Found",
                    "id": "df1528f9925ca236bac51008f77b774a",
                    "passes": 0,
                    "fails": 1
                },
                "429 Too Many Requests": {
                    "name": "429 Too Many Requests",
                    "path": "::429 Too Many Requests",
                    "id": "b810c35b9499cc7342fd415032e3a6aa",
                    "passes": 0,
                    "fails": 1
                },
                "500 Internal Server Error": {
                    "name": "500 Internal Server Error",
                    "path": "::500 Internal Server Error",
                    "id": "3cd96245b24e869810efe46d533b0eef",
                    "passes": 0,
                    "fails": 1
                },
                "502 Bad Gateway": {
                    "fails": 1,
                    "name": "502 Bad Gateway",
                    "path": "::502 Bad Gateway",
                    "id": "712cb0ec189a11f31f0d6d0c0031b569",
                    "passes": 0
                },
                "503 Service Unavailable": {
                    "name": "503 Service Unavailable",
                    "path": "::503 Service Unavailable",
                    "id": "f1ea1a22be0dc738c385523a66ea1cd9",
                    "passes": 0,
                    "fails": 1
                },
                "504 Gateway Timeout": {
                    "name": "504 Gateway Timeout",
                    "path": "::504 Gateway Timeout",
                    "id": "218efb729cb654723ccd57c6ebbebe29",
                    "passes": 0,
                    "fails": 1
                }
            }
    }
}