{
    "metrics": {
        "http_req_duration": {
            "p(90)": 7172.26974,
            "p(95)": 7303.98523,
            "avg": 4789.034832700003,
            "min": 1717.4488,
            "med": 4731.365,
            "max": 7550.3886
        },
        "iterations": {
            "rate": 113.95039279042246,
            "count": 1000
        },
        "iteration_duration": {
            "max": 8702.5663,
            "p(90)": 8367.508370000001,
            "p(95)": 8495.139595,
            "avg": 5957.711917199996,
            "min": 2846.7776,
            "med": 5912.94495
        },
        "checks": {
            "passes": 1000,
            "fails": 11000,
            "value": 0.08333333333333333
        },
        "http_req_waiting": {
            "max": 7550.3886,
            "p(90)": 7172.05537,
            "p(95)": 7302.659885,
            "avg": 4787.967161800005,
            "min": 1713.4492,
            "med": 4731.1077000000005
        },
        "data_received": {
            "count": 10836000,
            "rate": 1234766.4562770177
        },
        "http_req_receiving": {
            "avg": 0.20179259999999982,
            "min": 0,
            "med": 0,
            "max": 11.5242,
            "p(90)": 0.6577700000000005,
            "p(95)": 0.99425
        },
        "http_req_failed": {
            "fails": 1000,
            "passes": 0,
            "value": 0
        },
        "vus": {
            "min": 199,
            "max": 1000,
            "value": 199
        },
        "http_req_blocked": {
            "avg": 167.94815790000013,
            "min": 54.5994,
            "med": 160.7701,
            "max": 270.0966,
            "p(90)": 234.00484,
            "p(95)": 240.57638
        },
        "http_req_connecting": {
            "min": 9.2037,
            "med": 79.1676,
            "max": 116.0574,
            "p(90)": 101.55742000000001,
            "p(95)": 104.75496,
            "avg": 73.83426950000002
        },
        "http_reqs": {
            "count": 1000,
            "rate": 113.95039279042246
        },
        "http_req_sending": {
            "p(90)": 2.4495800000000005,
            "p(95)": 3.99911,
            "avg": 0.8658782999999998,
            "min": 0,
            "med": 0,
            "max": 41.4002
        },
        "vus_max": {
            "max": 1000,
            "value": 1000,
            "min": 1000
        },
        "data_sent": {
            "count": 613000,
            "rate": 69851.59078052898
        },
        "http_req_duration{expected_response:true}": {
            "max": 7550.3886,
            "p(90)": 7172.26974,
            "p(95)": 7303.98523,
            "avg": 4789.034832700003,
            "min": 1717.4488,
            "med": 4731.365
        },
        "http_req_tls_handshaking": {
            "p(95)": 178.620905,
            "avg": 93.20837770000001,
            "min": 15.5361,
            "med": 83.5618,
            "max": 201.1228,
            "p(90)": 166.72714000000002
        }
    },
    "root_group": {
        "path": "",
        "id": "d41d8cd98f00b204e9800998ecf8427e",
        "groups": {},
        "checks": {
                "200 OK": {
                    "name": "200 OK",
                    "path": "::200 OK",
                    "id": "e9654c443eff553da9e69eda7007924e",
                    "passes": 1000,
                    "fails": 0
                },
                "201 Created": {
                    "name": "201 Created",
                    "path": "::201 Created",
                    "id": "728dcd977aae263ca314731145e1d447",
                    "passes": 0,
                    "fails": 1000
                },
                "204 No Content": {
                    "name": "204 No Content",
                    "path": "::204 No Content",
                    "id": "54fa3c2eda34e1622fda2da5e0479fc5",
                    "passes": 0,
                    "fails": 1000
                },
                "400 Bad Request": {
                    "passes": 0,
                    "fails": 1000,
                    "name": "400 Bad Request",
                    "path": "::400 Bad Request",
                    "id": "eeae81934b9b58bccaf0184a6d070338"
                },
                "401 Unauthorized": {
                    "passes": 0,
                    "fails": 1000,
                    "name": "401 Unauthorized",
                    "path": "::401 Unauthorized",
                    "id": "6ae9254e6aefe7f0bafe5102fa7e20a5"
                },
                "403 Forbidden": {
                    "name": "403 Forbidden",
                    "path": "::403 Forbidden",
                    "id": "655548b761742c5a7ad15aa7df3a5d9c",
                    "passes": 0,
                    "fails": 1000
                },
                "404 Not Found": {
                    "fails": 1000,
                    "name": "404 Not Found",
                    "path": "::404 Not Found",
                    "id": "df1528f9925ca236bac51008f77b774a",
                    "passes": 0
                },
                "429 Too Many Requests": {
                    "name": "429 Too Many Requests",
                    "path": "::429 Too Many Requests",
                    "id": "b810c35b9499cc7342fd415032e3a6aa",
                    "passes": 0,
                    "fails": 1000
                },
                "500 Internal Server Error": {
                    "fails": 1000,
                    "name": "500 Internal Server Error",
                    "path": "::500 Internal Server Error",
                    "id": "3cd96245b24e869810efe46d533b0eef",
                    "passes": 0
                },
                "502 Bad Gateway": {
                    "fails": 1000,
                    "name": "502 Bad Gateway",
                    "path": "::502 Bad Gateway",
                    "id": "712cb0ec189a11f31f0d6d0c0031b569",
                    "passes": 0
                },
                "503 Service Unavailable": {
                    "passes": 0,
                    "fails": 1000,
                    "name": "503 Service Unavailable",
                    "path": "::503 Service Unavailable",
                    "id": "f1ea1a22be0dc738c385523a66ea1cd9"
                },
                "504 Gateway Timeout": {
                    "name": "504 Gateway Timeout",
                    "path": "::504 Gateway Timeout",
                    "id": "218efb729cb654723ccd57c6ebbebe29",
                    "passes": 0,
                    "fails": 1000
                }
            },
        "name": ""
    }
}