{
    "metrics": {
        "http_req_duration": {
            "p(90)": 32086.10138,
            "p(95)": 33953.19794,
            "avg": 22026.419016200012,
            "min": 8046.9028,
            "med": 22442.7995,
            "max": 35213.0914
        },
        "data_received": {
            "count": 9230933,
            "rate": 253469.6118799057
        },
        "http_req_duration{expected_response:true}": {
            "avg": 22200.62942088026,
            "min": 8046.9028,
            "med": 22670.4311,
            "max": 35213.0914,
            "p(90)": 32131.23456,
            "p(95)": 33986.9942
        },
        "http_reqs": {
            "count": 1000,
            "rate": 27.458720790185097
        },
        "http_req_failed": {
            "passes": 23,
            "fails": 977,
            "value": 0.023
        },
        "http_req_waiting": {
            "max": 35211.5322,
            "p(90)": 32085.95035,
            "p(95)": 33953.190279999995,
            "avg": 22025.00709300001,
            "min": 8046.9028,
            "med": 22442.7995
        },
        "checks": {
            "passes": 1000,
            "fails": 11000,
            "value": 0.08333333333333333
        },
        "http_req_sending": {
            "p(90)": 4.0146,
            "p(95)": 10.0184,
            "avg": 1.1241170999999979,
            "min": 0,
            "med": 0,
            "max": 31.6134
        },
        "http_req_tls_handshaking": {
            "max": 173.3963,
            "p(90)": 142.7243,
            "p(95)": 152.75569499999997,
            "avg": 85.31583360000006,
            "min": 30.0506,
            "med": 78.7687
        },
        "iteration_duration": {
            "med": 23596.8705,
            "max": 36387.9669,
            "p(90)": 33274.68428,
            "p(95)": 35162.78067,
            "avg": 23183.6576914,
            "min": 9192.7662
        },
        "http_req_connecting": {
            "avg": 70.81362110000003,
            "min": 17.2211,
            "med": 75.0003,
            "max": 94.0897,
            "p(90)": 87.0899,
            "p(95)": 89.0895
        },
        "iterations": {
            "count": 1000,
            "rate": 27.458720790185097
        },
        "vus": {
            "value": 4,
            "min": 4,
            "max": 1000
        },
        "data_sent": {
            "count": 628000,
            "rate": 17244.07665623624
        },
        "http_req_blocked": {
            "p(95)": 221.1561,
            "avg": 156.51521599999973,
            "min": 72.3759,
            "med": 161.0089,
            "max": 239.1547,
            "p(90)": 210.15553
        },
        "vus_max": {
            "max": 1000,
            "value": 1000,
            "min": 1000
        },
        "http_req_receiving": {
            "max": 15.1693,
            "p(90)": 0.17544000000000048,
            "p(95)": 0.7204149999999998,
            "avg": 0.2878061000000002,
            "min": 0,
            "med": 0
        }
    },
    "root_group": {
        "id": "d41d8cd98f00b204e9800998ecf8427e",
        "groups": {},
        "checks": {
                "200 OK": {
                    "name": "200 OK",
                    "path": "::200 OK",
                    "id": "e9654c443eff553da9e69eda7007924e",
                    "passes": 977,
                    "fails": 23
                },
                "201 Created": {
                    "name": "201 Created",
                    "path": "::201 Created",
                    "id": "728dcd977aae263ca314731145e1d447",
                    "passes": 0,
                    "fails": 1000
                },
                "204 No Content": {
                    "name": "204 No Content",
                    "path": "::204 No Content",
                    "id": "54fa3c2eda34e1622fda2da5e0479fc5",
                    "passes": 0,
                    "fails": 1000
                },
                "400 Bad Request": {
                    "name": "400 Bad Request",
                    "path": "::400 Bad Request",
                    "id": "eeae81934b9b58bccaf0184a6d070338",
                    "passes": 0,
                    "fails": 1000
                },
                "401 Unauthorized": {
                    "name": "401 Unauthorized",
                    "path": "::401 Unauthorized",
                    "id": "6ae9254e6aefe7f0bafe5102fa7e20a5",
                    "passes": 0,
                    "fails": 1000
                },
                "403 Forbidden": {
                    "name": "403 Forbidden",
                    "path": "::403 Forbidden",
                    "id": "655548b761742c5a7ad15aa7df3a5d9c",
                    "passes": 0,
                    "fails": 1000
                },
                "404 Not Found": {
                    "passes": 0,
                    "fails": 1000,
                    "name": "404 Not Found",
                    "path": "::404 Not Found",
                    "id": "df1528f9925ca236bac51008f77b774a"
                },
                "429 Too Many Requests": {
                    "name": "429 Too Many Requests",
                    "path": "::429 Too Many Requests",
                    "id": "b810c35b9499cc7342fd415032e3a6aa",
                    "passes": 0,
                    "fails": 1000
                },
                "500 Internal Server Error": {
                    "name": "500 Internal Server Error",
                    "path": "::500 Internal Server Error",
                    "id": "3cd96245b24e869810efe46d533b0eef",
                    "passes": 0,
                    "fails": 1000
                },
                "502 Bad Gateway": {
                    "name": "502 Bad Gateway",
                    "path": "::502 Bad Gateway",
                    "id": "712cb0ec189a11f31f0d6d0c0031b569",
                    "passes": 23,
                    "fails": 977
                },
                "503 Service Unavailable": {
                    "name": "503 Service Unavailable",
                    "path": "::503 Service Unavailable",
                    "id": "f1ea1a22be0dc738c385523a66ea1cd9",
                    "passes": 0,
                    "fails": 1000
                },
                "504 Gateway Timeout": {
                    "name": "504 Gateway Timeout",
                    "path": "::504 Gateway Timeout",
                    "id": "218efb729cb654723ccd57c6ebbebe29",
                    "passes": 0,
                    "fails": 1000
                }
            },
        "name": "",
        "path": ""
    }
}